-- MySQL dump 10.13  Distrib 8.0.23, for osx10.15 (x86_64)
--
-- Host: localhost    Database: budé_cdb_v1
-- ------------------------------------------------------
-- Server version	8.0.23

/*!40101 SET @OLD_CHARACTER_SET_CLIENT=@@CHARACTER_SET_CLIENT */;
/*!40101 SET @OLD_CHARACTER_SET_RESULTS=@@CHARACTER_SET_RESULTS */;
/*!40101 SET @OLD_COLLATION_CONNECTION=@@COLLATION_CONNECTION */;
/*!50503 SET NAMES utf8mb4 */;
/*!40103 SET @OLD_TIME_ZONE=@@TIME_ZONE */;
/*!40103 SET TIME_ZONE='+00:00' */;
/*!40014 SET @OLD_UNIQUE_CHECKS=@@UNIQUE_CHECKS, UNIQUE_CHECKS=0 */;
/*!40014 SET @OLD_FOREIGN_KEY_CHECKS=@@FOREIGN_KEY_CHECKS, FOREIGN_KEY_CHECKS=0 */;
/*!40101 SET @OLD_SQL_MODE=@@SQL_MODE, SQL_MODE='NO_AUTO_VALUE_ON_ZERO' */;
/*!40111 SET @OLD_SQL_NOTES=@@SQL_NOTES, SQL_NOTES=0 */;

--
-- Table structure for table `correspondents`
--

DROP TABLE IF EXISTS `correspondents`;
/*!40101 SET @saved_cs_client     = @@character_set_client */;
/*!50503 SET character_set_client = utf8mb4 */;
CREATE TABLE `correspondents` (
  `correspondents_id` varchar(200) NOT NULL COMMENT 'This column carries the primary key for the table',
  `type` varchar(45) DEFAULT NULL COMMENT 'This column classifies the correspondent by the following taxonomy: (1) individual (2) corporate body (3) group.',
  `gender` varchar(45) DEFAULT NULL COMMENT 'This column classifies the gender of the correspondent if applicable. For corporate bodies and groups, this column contains the value ‘not applicable’.',
  `viaf_id` varchar(45) DEFAULT NULL COMMENT 'This column carries the numeric identifier provided by VIAF. For corporate bodies and groups, this column contains the value ‘not applicable’.',
  `wikidata_id` varchar(45) DEFAULT NULL COMMENT 'This column carries the alphanumeric identifier provided by Wikidata.',
  `gnd_id` varchar(45) DEFAULT NULL COMMENT 'This column carries the alphanumeric identifier provided by GND.',
  `cerl_id` varchar(45) DEFAULT NULL COMMENT 'This column carries the alphanumeric identifier provided by CERL Thesaurus.',
  `emlo_person_id` varchar(100) DEFAULT NULL COMMENT 'This column carries the alphanumeric identifier provided by EMLO.',
  `name_in_edition` varchar(900) DEFAULT NULL COMMENT 'This column carries the name of the correspondent as it appears in the edition that has been used to capture the dataset of the individual corpus of correspondence. If multiple entries in this column are necessary because multiple editions have been used ',
  `known_name_variations` varchar(500) DEFAULT NULL COMMENT 'This column carries name variations that are provided by biographic handbooks such as ‘Contemporaries of Erasmus’ as well as in authority file records such as the ‘Gemeinsame Normdatei’ (GND), which in turn are accessible via the VIAF ID.',
  `known_name_variations_ref` varchar(200) DEFAULT NULL COMMENT 'This column carries a reference to the source of the information contained in known_name_variations. For printed sources, this follows the schema [Name of Work], [Page or Page Range]. For authority file records, only the abbreviation of the authority',
  `pob_loc_id` varchar(90) DEFAULT NULL COMMENT 'This column carries the primary key of the locations table as a foreign key for the place of birth of the individual correspondent. ',
  `pob_loc_annotation` varchar(90) DEFAULT NULL COMMENT 'This column carries the name of the place of birth as it appears in the source of this information.',
  `pob_loc_annotation_ref` varchar(200) DEFAULT NULL COMMENT 'This column carries a reference to the source of the information contained in pob_loc_annotation. For printed sources, this follows the schema [Name of Work],[Page or Page Range]. For authority file records, only the abbreviation of the authority is',
  `dob_year1` varchar(4) DEFAULT NULL COMMENT 'This column carries the year of birth of the individual correspondent in the four-digit format (YYYY) according to the ISO 8601 specification.',
  `dob_month1` varchar(2) DEFAULT NULL COMMENT 'This column carries the month of birth of the individual correspondent in the two-digit format (MM) according to the ISO 8601 specification.',
  `dob_day1` varchar(2) DEFAULT NULL COMMENT 'This column carries the day of birth of the individual correspondent in the two-digit format (DD) according to the ISO 8601 specification.',
  `dob_computable1` date DEFAULT NULL COMMENT 'This column carries the date of birth of the individual correspondent in the YYYY-MM-DD format according to the ISO 8601 specification.',
  `dob_has_range` tinyint(1) DEFAULT NULL COMMENT 'This column carries a Boolean operator (1 or 0) that indicates if the date of birth of the individual correspondent has a date range, i.e. if the date of birth is/can be narrowed down to a specific day or not.',
  `dob_year2` varchar(4) DEFAULT NULL COMMENT 'This column carries the year of birth of the individual correspondent in the four-digit format (YYYY) according to the ISO 8601 specification.',
  `dob_month2` varchar(2) DEFAULT NULL COMMENT 'This column carries the month of birth of the individual correspondent in the two-digit format (MM) according to the ISO 8601 specification.',
  `dob_day2` varchar(2) DEFAULT NULL COMMENT 'This column carries the day of birth of the individual correspondent in the two-digit format (DD) according to the ISO 8601 specification.',
  `dob_computable2` date DEFAULT NULL COMMENT 'This column carries the date of birth of the individual correspondent in the YYYY-MM-DD format according to the ISO 8601 specification.',
  `dob_annotation` varchar(200) DEFAULT NULL COMMENT 'This column carries the date of birth as it appears in the source of this information.',
  `dob_annotation_ref` varchar(200) DEFAULT NULL COMMENT 'This column carries a reference to the source of the information contained in dob_annotation.',
  `pod_loc_id` varchar(90) DEFAULT NULL COMMENT 'This column carries the primary key of the locations table as a foreign key for the place of birth of the individual correspondent.',
  `pod_loc_annotation` varchar(200) DEFAULT NULL COMMENT 'This column carries the place of death as it appears in the source of this information.',
  `pod_loc_annotation_ref` varchar(200) DEFAULT NULL COMMENT 'This column carries a reference to the source of the information contained in pod_loc_annotation.',
  `dod_year1` varchar(4) DEFAULT NULL COMMENT 'This column carries the year of death of the individual correspondent in the four-digit format (YYYY) according to the ISO 8601 specification.',
  `dod_month1` varchar(2) DEFAULT NULL COMMENT 'This column carries the month of death of the individual correspondent in the two-digit format (MM) according to the ISO 8601 specification.',
  `dod_day1` varchar(2) DEFAULT NULL COMMENT 'This column carries the day of death of the individual correspondent in the two-digit format (DD) according to the ISO 8601 specification.',
  `dod_computable1` date DEFAULT NULL COMMENT 'This column carries the date of death of the individual correspondent in the YYYY-MM-DD format according to the ISO 8601 specification.',
  `dod_has_range` tinyint(1) DEFAULT NULL COMMENT 'This column carries a Boolean operator (1 or 0) that indicates if the date of death of the individual correspondent has a date range, i.e. if the date of birth is/can be narrowed down to a specific day or not.',
  `dod_year2` varchar(4) DEFAULT NULL COMMENT 'This column carries the year of death of the individual correspondent in the four-digit format (YYYY) according to the ISO 8601 specification.',
  `dod_month2` varchar(2) DEFAULT NULL COMMENT 'This column carries the month of death of the individual correspondent in the two-digit format (MM) according to the ISO 8601 specification.',
  `dod_day2` varchar(2) DEFAULT NULL COMMENT 'This column carries the day of death of the individual correspondent in the two-digit format (DD) according to the ISO 8601 specification.',
  `dod_computable2` date DEFAULT NULL COMMENT 'This column carries the date of death of the individual correspondent in the YYYY-MM-DD format according to the ISO 8601 specification.',
  `dod_annotation` varchar(90) DEFAULT NULL COMMENT 'This column carries a reference to the source of the information contained in dod_annotation.',
  `dod_annotation_ref` varchar(200) DEFAULT NULL COMMENT 'This Column holds the bibliographic reference for the text in dod_annotation',
  `further_annotation` varchar(900) DEFAULT NULL COMMENT 'This column carries additional notes that are relevant to the capturing of data on this correspondent.',
  PRIMARY KEY (`correspondents_id`),
  KEY `fk_persons_groups_bodies_locations1_idx` (`pob_loc_id`),
  KEY `fk_persons_groups_bodies_locations2_idx` (`pod_loc_id`),
  CONSTRAINT `fk_persons_groups_bodies_locations1` FOREIGN KEY (`pob_loc_id`) REFERENCES `locations` (`locations_id`),
  CONSTRAINT `fk_persons_groups_bodies_locations2` FOREIGN KEY (`pod_loc_id`) REFERENCES `locations` (`locations_id`)
) ENGINE=InnoDB DEFAULT CHARSET=utf8;
/*!40101 SET character_set_client = @saved_cs_client */;

--
-- Dumping data for table `correspondents`
--

LOCK TABLES `correspondents` WRITE;
/*!40000 ALTER TABLE `correspondents` DISABLE KEYS */;
INSERT INTO `correspondents` VALUES ('0462ba32-d306-4286-9c4f-2bb98438fa01','individual','male','2808362','Q25383969',NULL,'cnp01362670',NULL,'Guillaume du Maine','du Mayne // Mainus // Maynus // Dumanius','BNF // COI I, 410-411','loudun_FR_gid_2997457','Loudun (Vienne)','BNF','1490',NULL,NULL,'1490-01-01',1,'1490',NULL,NULL,'1490-12-31','1490?','BNF','beaulieu_lès_loches_FR_gid_3034245','Beaulieu-lès-Loches','BNF','1564','11','24','1564-11-24',1,'1564','11','24','1564-11-24','24 November 1564','COE I, 410-411',NULL),('050b6df0-f7cc-45ca-8efc-af897191fb4c','individual','male','71436623','Q3340862','118771213','cnp01329942',NULL,'Nicolas Volcyre de Sérouville','Wolquier // Wollick // Wollicus // Wollicius // Vuollick','GND','serrouville_FR_gid_2974798','Serrouville (près Briey)','ABF','1480',NULL,NULL,'1480-01-01',1,'1480',NULL,NULL,'1480-12-31','ca. 1480','GND','unknown_location_XX_gid_unknown','Unknown',NULL,'1541',NULL,NULL,'1541-01-01',1,'1541',NULL,NULL,'1541-12-31','1541','GND',NULL),('08bc2797-a901-4407-8c0d-e39b72becf3f','individual','male','172635016','Q131018','118597450','cnp01875247',NULL,'François Rabelais',NULL,NULL,'unknown_location_in_france_FR_gid_unknown','La Devinière, near Chinon','COE III, 128-131','1490',NULL,NULL,'1490-01-01',1,'1494',NULL,NULL,'1494-12-31','v.1494 (a.s. 1490)','ABF','paris_FR_gid_2988507','Paris','COE III, 128-131','1553','04','09','1553-04-09',0,'1553','04','09','1553-04-09','9 April 1553','COE III, 128-131',NULL),('0f7bc43b-c60d-4261-a19a-e1e559dc8873','individual','male','115145857798523020318','Q725592','124653138','cnp01877039','02ef744e-cf11-49f1-9b14-f9b7cd7eb7b0','Cuthbert Tunstall','Tonstal // Donstall // Tonstallus // Tunstelus','COE III, 349-354','hackforth_GB_gid_2647701','Hackforth, near Catterick','COE III, 349-354','1474',NULL,NULL,'1474-01-01',1,'1474',NULL,NULL,'1474-12-31','1474','COE III, 349-354','lambeth_GB_gid_6545250','Lambeth Palace','COE III, 349-354','1559','11','18','1559-11-18',0,'1559','11','18','1559-11-18','18 November 1559','COE III, 349-354',NULL),('10f58e5e-e43a-405e-901a-3633cbf82bc9','individual','male','212150646','Q114244525',NULL,NULL,NULL,'François Deloynes','Deloinus','COE I, 385-386','beaugency_FR_gid_3034297','Beaugency, near Orléans','COE I, 385-386',NULL,NULL,NULL,NULL,1,NULL,NULL,NULL,NULL,NULL,NULL,'unknown_location_XX_gid_unknown','Unknown',NULL,'1524','07',NULL,'1524-07-01',1,'1524','07',NULL,'1524-07-31','July 1524','COE I, 385-386',NULL),('13a45c10-f345-45b9-a0c9-4567a8d4216a','individual','male','68983547','Q1685811','120786605','cnp01334760','8fcc68f1-2b40-42f8-b907-8e96c7823d6c','Salmon Macrin',NULL,NULL,'loudun_FR_gid_2997457','Loudun (Vienne)','BNF','1490',NULL,NULL,'1490-01-01',1,'1490',NULL,NULL,'1490-12-31','1490','BNF','loudun_FR_gid_2997457','Loudun (Vienne)','BNF','1557',NULL,NULL,'1557-01-01',1,'1557',NULL,NULL,'1557-12-31','1557','BNF',NULL),('170b77cd-d77c-4cf0-bf43-4b83e0037eea','individual','male','29572382','Q116098','118625780','cnp01327722','8cca989b-196f-4d25-9966-351d1da9dce8','Joachim Vadianus',NULL,NULL,'sankt_gallen_CH_gid_2658822','St. Gallen','Historisches Lexikon der Schweiz','1484','11','29','1484-11-29',0,'1484','11','29','1484-11-29','29.11.1484','Historisches Lexikon der Schweiz','sankt_gallen_CH_gid_2658822','St. Gallen','Historisches Lexikon der Schweiz','1551','04','06','1551-04-06',0,'1551','04','06','1551-04-06','6.4.1551','Historisches Lexikon der Schweiz',NULL),('17c580aa-3ba7-4851-8f26-9b3a0ebeadbf','individual','male','87673996','Q43499','118530666','cnp02236021','3d57cf71-45af-4e07-a6bd-d83773da9c21','Érasme',NULL,NULL,'rotterdam_NL_gid_2747891','bei Rotterdam','HGK I, 250','1469',NULL,NULL,'1469-01-01',1,'1469',NULL,NULL,'1469-12-31','1469','HGK I, 250','basel_CH_gid_2661604','Basel','HGK I, 250','1536',NULL,NULL,'1536-01-01',1,'1536',NULL,NULL,'1536-12-31','1536','HGK I 250',NULL),('1a140b49-2cbf-4084-bda8-c78275a7975c','individual','male','227383748','Q18611014','100087329','cnp00105002',NULL,'Jacques Colin',NULL,NULL,'auxerre_FR_gid_3035843','Auxerre','BNF','1485',NULL,NULL,'1485-01-01',1,'1495',NULL,NULL,'1495-12-31','Né entre 1485 et 1495','BNF','unknown_location_XX_gid_unknown','Unknown',NULL,'1547',NULL,NULL,'1547-01-01',1,'1547',NULL,NULL,'1547-12-31','1547','BNF',NULL),('270286f5-d7af-492b-9e52-141601253d8a','individual','male','79013145','Q3120144','103084487','cnp00339026',NULL,'Guillaume Poyet','Poyetus','GND','angers_FR_gid_3037656','Angers (Maine-et-Loire)','CERL Thesaurus','1474',NULL,NULL,'1474-01-01',1,'1474',NULL,NULL,'1474-12-31','vers 1474','ABF','paris_FR_gid_2988507','Paris','CERL Thesaurus','1548','04',NULL,'1548-04-01',1,'1548','04',NULL,'1548-04-30','avril 1548','ABF',NULL),('270ee701-28ae-444a-b264-b8f7d4c99e3b','individual','male','49567004','Q110133919','1014040663','cnp01298210',NULL,'Charles Fernand ','Phernandus // Fernandus','GND','brugge_BE_gid_2800931','Bruges','ABF','1450',NULL,NULL,'1450-01-01',1,'1450',NULL,NULL,'1450-12-31','vers 1450','ABF','abbaye_saint_vincent_du_mans_FR_gid_unknown','Abbaye Saint-Vincent du Mans','ABF','1517','06','10','1517-06-10',0,'1517','06','10','1517-06-10','10 juin 1517','ABF',NULL),('284ed6d5-a734-471e-8134-0a2baafabf9a','individual','male','51739295','Q87636','11690240X','cnp02312122','ad18f76a-cc70-4ff2-8789-fac0d4c218cd','Simon Grynée','Grinaeus // Griner // Gryneus // Gryner // Grynäus','GND','veringendorf_DE_gid_2817582','Veringendorf','COE II, 142-146','1493',NULL,NULL,'1493-01-01',1,'1493',NULL,NULL,'1493-12-31','1493','LEO BW','basel_CH_gid_2661604','Basel','COE II, 142-146','1541','08','01','1541-08-01',0,'1541','08','01','1541-08-01','1 August 1541','COE II, 142-146',NULL),('2d56de34-87a0-452a-87bd-27a69ac1e5e5','individual','male','88604630','Q1990693','102377138','cnp01879247',NULL,'Leonicus',NULL,NULL,'venice_IT_gid_3164603','Venezia','Dizionario Biografico degli Italiani','1456','02',NULL,'1456-02-01',1,'1456','02',NULL,'1456-02-29','nel febbraio 1456','Dizionario Biografico degli Italiani','padova_IT_gid_3171728','Padova','Dizionario Biografico degli Italiani','1531','03',NULL,'1531-03-25',1,'1531','03',NULL,'1531-03-31','negli ultimi giorni del marzo 1531','Dizionario Biografico degli Italiani',NULL),('2dfc5a19-66c1-4672-8d24-cc56e96b8a17','individual','male',NULL,NULL,NULL,NULL,NULL,'Philecous',NULL,NULL,'unknown_location_XX_gid_unknown','Unknown',NULL,NULL,NULL,NULL,NULL,1,NULL,NULL,NULL,NULL,NULL,NULL,'unknown_location_XX_gid_unknown','Unknown',NULL,NULL,NULL,NULL,NULL,1,NULL,NULL,NULL,NULL,NULL,NULL,NULL),('2f9f4670-36d3-478b-9348-6b4cd90dde8d','individual','male',NULL,'Q3385750',NULL,NULL,NULL,'Pierre Lamy','Amicus // L\'Amy','COE II, 285','unknown_location_XX_gid_unknown','Unknown',NULL,'1488',NULL,NULL,'1488-01-01',1,'1488',NULL,NULL,'1488-12-31','1488?','Budé lettres grecques, 115','basel_CH_gid_2661604','Basel','COE II, 285','1525',NULL,NULL,'1525-01-01',1,'1525',NULL,NULL,'1525-12-31','circa 1525','COE II, 285',NULL),('323b3987-6b7c-4bbd-853b-abe1dd1f85dd','individual','male','59233331','Q730540','118780018','cnp01875164','3cb181f6-9de9-4ad9-8ef7-da2d04ab0551','Thomas Linacre','Linacer','COE II, 331-332','unknown_location_diocese_of_canterbury_GB_gid_unknown','probably born in the diocese of Canterbury','COE II, 331-332','1460',NULL,NULL,'1460-01-01',1,'1460',NULL,NULL,'1460-12-31','c 1460','COE II, 331-332','london_GB_gid_2643743','prob. London','COE II, 331-332','1524','10','20','1524-10-20',0,'1524','10','20','1524-10-20','20 October 1524','COE II, 331-',NULL),('39c40ec9-ceca-48a4-b873-1637cb6d3a97','individual','male','1869148947850954950005','Q114398679',NULL,'cnp02224897',NULL,'Christophe Le Picart',NULL,NULL,'unknown_location_XX_gid_unknown','Unknown',NULL,'1505',NULL,NULL,'1505-01-01',1,'1505',NULL,NULL,'1505-12-31','1505','Répertoire, 83','unknown_location_XX_gid_unknown','Unknown',NULL,'1549',NULL,NULL,'1549-01-01',1,'1549',NULL,NULL,'1549-12-31','1549','IDref',NULL),('3ae0d8be-cb3d-4651-8fd9-ad99555056ab','individual','male',NULL,'Q114355827',NULL,NULL,NULL,'Louis Budé',NULL,NULL,'unknown_location_XX_gid_unknown','Unknown',NULL,'1470',NULL,NULL,'1470-01-01',1,'1470',NULL,NULL,'1470-12-31','1470','COE I, 217','troyes_FR_gid_2971549','Troyes','COE I, 217','1517','11','19','1517-11-19',0,'1517','11','19','1517-11-19','19 November 1517','COE I, 217',NULL),('3b4c81b2-e0d5-4b14-868d-dfc3b629558b','individual','male','54144140','Q334188','118658115','cnp02308515','42dca80f-40d7-47e5-86ec-9204fb1c2f05','Pietro Bembo',NULL,NULL,'venice_IT_gid_3164603','Venedig','HGK I, 85','1470','05','20','1470-05-20',0,'1470','05','20','1470-05-20','20 May 1470','COE I, 120-123','rome_IT_gid_3169070','Rom','HGK I, 85','1547','01','18','1547-01-18',0,'1547','01','18','1547-01-18','18 January 1547','COE I, 120-123',NULL),('418517a8-1de9-44ef-ae62-f596f0b20de8','individual','male','261973333',NULL,'1089313594','cnp01376961',NULL,'Jean Vaccaeus','Vacet','GND','murcia_ES_gid_2513416','Murcie, Espagne','CERL Thesaurus','1496',NULL,NULL,'1496-01-01',1,'1496',NULL,NULL,'1496-12-31','1496','BNF','unknown_location_XX_gid_unknown','Unknown',NULL,NULL,NULL,NULL,NULL,1,NULL,NULL,NULL,NULL,NULL,NULL,NULL),('47a073b9-cc8e-4ec4-9ab0-b9ba289db498','individual','male','221293349','Q21543031','1055240950','cnp00969106',NULL,'Jacques Toussain','Tusanus','COE III, 336-337','unknown_location_diocese_of_troyes_FR_gid_unknown','Unknown, in the diocese of Troyes','COE III, 336-337','1490',NULL,NULL,'1490-01-01',1,'1490',NULL,NULL,'1490-12-31','vers 1490','ABF','paris_FR_gid_2988507','Paris','ABF','1547','03','15','1547-03-15',0,'1547','03','15','1547-03-15','15 March 1547','COE III, 336-337',NULL),('4de6dad8-84ae-4acd-9b76-0e2064602f71','individual','male','227062191','Q1237141','102473439',NULL,'de280ade-6cc2-4857-b1a7-5e2060f7214c','Germain de Brie','Brixius, the name form Brice is incorrect','COE I, 200-202','auxerre_FR_gid_3035843','Auxerre','HGK I, 133','1490',NULL,NULL,'1490-01-01',1,'1490',NULL,NULL,'1490-12-31','ca 1490','HGK I, 130','paris_FR_gid_2988507','Paris','HGK I, 133','1538','07','22','1538-07-22',0,'1538','07','22','1538-07-22','22 July 1538','COE I, 200-202',NULL),('5375f20d-1943-4735-b423-abf59baadfaa','individual','male','9955323','Q12901205','132893177','cnp01881047',NULL,'Nicole Bérault','Beraldus','COE I, 126-128','orléans_FR_gid_2989317','Orléans','COE I, 126-128','1470',NULL,NULL,'1470-01-01',1,'1470',NULL,NULL,'1470-12-31','c 1470','COE I, 126-128','unknown_location_XX_gid_unknown','Unknown',NULL,'1545',NULL,NULL,'1545-01-01',1,'1545',NULL,NULL,'1545-12-31','c 1545','COE I, 126-128',NULL),('56da5dc0-f25a-4437-9bbe-32f44d4dbce1','individual','male',NULL,NULL,NULL,NULL,NULL,'Gaillard Ruzé','Gallardus Ruseus','Imprimeurs et libraires parisiens du XVIe siècle, Vol. 2','unknown_location_in_france_FR_gid_unknown','Unknown',NULL,NULL,NULL,NULL,NULL,1,NULL,NULL,NULL,NULL,NULL,NULL,'unknown_location_in_france_FR_gid_unknown','Unknown',NULL,NULL,NULL,NULL,NULL,1,NULL,NULL,NULL,NULL,NULL,NULL,'conseiller au Parlament et archidiacre de Langgres, chanoine de Paris'),('578d0a90-7661-4d9a-a9aa-3563a32bbb33','individual','male','293044396',NULL,NULL,'cnp01914021',NULL,'Guillaume Lefebvre de Loudon','Gulielmus Fabritius','CERL Thesaurus','unknown_location_XX_gid_unknown','Unknown',NULL,NULL,NULL,NULL,NULL,1,NULL,NULL,NULL,NULL,NULL,NULL,'unknown_location_XX_gid_unknown','Unknown',NULL,NULL,NULL,NULL,NULL,1,NULL,NULL,NULL,NULL,NULL,NULL,NULL),('58ee45dd-3103-4bb1-a3a8-6bc8a4b4fbb6','individual','male','306484146','Q926393',NULL,NULL,NULL,'Jean de La Forest','Forestanus // La Forêt','SUDOC','unknown_location_in_france_FR_gid_unknown','Limagne','TBA',NULL,NULL,NULL,NULL,1,NULL,NULL,NULL,NULL,NULL,NULL,'unknown_location_XX_gid_unknown','Unknown',NULL,'1537','09',NULL,'1537-09-01',1,'1537','09',NULL,'1537-09-10','dans les premiers jours de septembre 1537','TBA',NULL),('635efa65-8a00-4be1-918c-cf2bb937521b','individual','male',NULL,'Q114381518',NULL,NULL,NULL,'Jean Calvet',NULL,NULL,'unknown_location_XX_gid_unknown','Unknown',NULL,NULL,NULL,NULL,NULL,1,NULL,NULL,NULL,NULL,NULL,NULL,'unknown_location_XX_gid_unknown','Unknown',NULL,NULL,NULL,NULL,NULL,1,NULL,NULL,NULL,NULL,NULL,NULL,NULL),('639f3ce8-be9f-4993-b200-3fcde3a3b4e9','individual','male','51699991','Q464471','118644432','cnp01501192','2dc5e8fd-f535-4a40-b761-3dd6dce4ad29','André Alciat','Alciatus // Alciato // Alciat','COE I, 23-26 // HGK I, 20','alzate_brianza_IT_gid_6535114','Alzate Brianza bei Como','HGK I, 20','1492','05','08','1492-05-08',0,'1492','05','08','1492-05-08','8 May 1492','COE I, 23-26','pavia_IT_gid_3171366','Pavia','HGK I, 20','1550','01','12','1550-01-12',0,'1550','01','12','1550-01-12','12 January 1550','COE I, 23-26',NULL),('64788439-39b6-468d-91ed-cbd6d1f9b435','individual','male','203334120','Q114355757',NULL,NULL,NULL,'Dreux (II.) Budé',NULL,NULL,'unknown_location_XX_gid_unknown','Unknown',NULL,'1507',NULL,NULL,'1507-01-01',1,'1507',NULL,NULL,'1507-12-31','circa 1507','COE I, 212','unknown_location_XX_gid_unknown','Unknown',NULL,NULL,NULL,NULL,NULL,1,NULL,NULL,NULL,NULL,NULL,NULL,NULL),('6c2e096f-f410-425a-959b-da46921b5279','individual','male',NULL,'Q114382002',NULL,NULL,NULL,'Battista Flisco','Gian Battista Fieschi // Fliscus','COE II, 30','genoa_IT_gid_3176219','Genoa','COE II, 30','1471',NULL,NULL,'1471-01-01',1,NULL,NULL,NULL,'1471-12-31','1471','COE II, 30','unknown_location_XX_gid_unknown','Unknown',NULL,NULL,NULL,NULL,NULL,1,NULL,NULL,NULL,NULL,NULL,NULL,'for an identification of this person as Battista Fieschii cf. COE II, 30'),('6c74f250-9958-4274-9196-0441f86051a8','individual','male','281779527','Q3340063','1077663978','cnp01362718',NULL,'Nicolas Barthélemy',NULL,NULL,'loches_FR_gid_2997996','Loches (Indre-et-Loire)','CERL Thesaurus','1478',NULL,NULL,'1478-01-01',1,'1478',NULL,NULL,'1478-12-31','1478','CERL Thesaurus','unknown_location_XX_gid_unknown','Unknown',NULL,'1535',NULL,NULL,'1535-01-01',1,'1535',NULL,NULL,'1535-12-31','ca. 1535','CERL Thesaurus',NULL),('6ed9da12-5a86-41ff-ab80-4d849a377bb6','individual','male',NULL,'Q114401294',NULL,NULL,NULL,'François Robertet',NULL,NULL,'unknown_location_XX_gid_unknown','Unknown',NULL,NULL,NULL,NULL,NULL,1,NULL,NULL,NULL,NULL,NULL,NULL,'unknown_location_XX_gid_unknown','Unknown',NULL,NULL,NULL,NULL,NULL,1,NULL,NULL,NULL,NULL,NULL,NULL,NULL),('702846d2-4b22-4fc3-90f2-ae30d88d23c5','individual','male','88805531','Q129857','118534947','cnp01321825','805f7fcc-6053-4c1f-8e82-b25d32970821','François I',NULL,NULL,'cognac_FR_gid_3024440','Cognac','GND','1494','09','12','1494-09-12',0,'1494','09','12','1494-09-12','12 September 1494','COE II, 50-52','rambouillet_FR_gid_2984513','Rambouillet','GND','1547','03','31','1547-03-31',0,'1547','03','31','1547-03-31','31 March 1547','COE II, 50-52',NULL),('740575be-0859-4714-8c95-b44cd0f26b4c','individual','male','308703949','Q114356821',NULL,NULL,NULL,'Nicolas de la Chesnaye',NULL,NULL,'unknown_location_XX_gid_unknown','Unknown',NULL,'1492',NULL,NULL,'1492-01-01',1,'1492',NULL,NULL,'1492-12-31','1492','IDref','unknown_location_XX_gid_unknown','Unknown',NULL,NULL,NULL,NULL,NULL,1,NULL,NULL,NULL,NULL,NULL,NULL,'not to be mistaken with his father of the same name'),('757481c4-4073-47c9-ae69-41272c1777e6','individual','male','89114300','Q958378',NULL,'cnp02233027',NULL,'Charles d\'Angoulême','Charles, duc d\'Orléans','CERL Thesaurus','unknown_location_in_france_FR_gid_unknown','Unknown','ABF','1522','01','22','1522-01-22',0,'1522','01','22','1522-01-22','22 janvier 1522','ABF','unknown_location_in_france_FR_gid_unknown',NULL,NULL,'1545','09','09','1545-09-09',0,'1545','09','9','1545-09-09','9 septembre 1545','ABF',NULL),('763f4d64-dffb-40eb-bc45-2fde4992223e','individual','male','29541174','Q42544','118641158','cnp01875422','393deb08-36f9-408d-a794-ffd06a661f9c','Thomas More',NULL,NULL,'london_GB_gid_2643743','London','COE II, 456-459','1477','02','06','1477-02-06',1,'1478','02','07','1478-02-07','6/7 February 1477/8','COE II, 456-459','london_GB_gid_2643743','London','COE II, 456-459','1535','07','06','1535-07-06',0,'1535','07','06','1535-07-06','6 July 1535','COE II, 456-459',NULL),('787d6f65-20ca-43cb-bd8a-2771033d9cf4','individual','male','30604989','Q3104154','129021288','cnp00524011',NULL,'Germain de Ganay ','Ganaiensis // de Ganai // Gannaius // Ganaius // Degannayus','GND','unknown_location_in_france_FR_gid_unknown','Unknown',NULL,NULL,NULL,NULL,NULL,1,NULL,NULL,NULL,NULL,NULL,NULL,'unknown_location_in_france_FR_gid_unknown','Unknown',NULL,'1520','03','08','1520-03-08',0,'1520','03','08','1520-03-08',NULL,NULL,NULL),('79967779-cb99-4aa1-b497-38cfd7fa9f89','individual','male','46858363','Q684281','100185010','cnp01345172',NULL,'Louis Le Roy',NULL,NULL,'coutances_FR_gid_3022826','Coutances','Budé lettres grecques, 177','1510',NULL,NULL,'1510-01-01',1,'1510',NULL,NULL,'1510-12-31','1510?','Budé lettres grecques, 177','paris_FR_gid_2988507','Paris','BNF','1577','06','02','1577-06-02',0,'1577','06','02','1577-06-02','1577-06-02','BNF',NULL),('7db91034-db92-4ada-b144-811e44969510','individual','male','456149106026668490811','Q114397798','121234169','cnp01369339',NULL,'François Le Picart','Lepicart // Le Picard// Picard // Picart // Picardus','IDref','paris_FR_gid_2988507','Paris','BNF','1504','04','16','1504-04-16',0,'1504','04','16','1504-04-16','16 avril 1504','ABF','paris_FR_gid_2988507','Paris','ABF','1556','09','17','1556-09-17',0,'1556','09','17','1556-09-17','17 septembre 1556','ABF',NULL),('7ef039d3-44a9-4b7a-91d6-974f6bd712cf','individual','male','71390142','Q1248100','118680196','cnp01317049','7d89d676-64a2-4d43-ae56-3ae4455151b5','Étienne Dolet',NULL,NULL,'orléans_FR_gid_2989317','Orléans','BNF','1509',NULL,NULL,'1509-01-01',1,'1509',NULL,NULL,'1509-12-31','1509','Répertoire, 237','paris_FR_gid_2988507','Paris','BNF','1546','08','03','1546-08-03',0,'1546','08','03','1546-08-03','03-08-1546','BNF',NULL),('829707c3-cf20-4f7f-8372-1e764b91a566','individual','male',NULL,'Q112604594',NULL,NULL,NULL,'Claude Robertet',NULL,NULL,'unknown_location_XX_gid_unknown','Unknown',NULL,NULL,NULL,NULL,NULL,1,NULL,NULL,NULL,NULL,NULL,NULL,'unknown_location_XX_gid_unknown','Unknown',NULL,NULL,NULL,NULL,NULL,1,NULL,NULL,NULL,NULL,NULL,NULL,NULL),('858be5f4-ac10-4173-9b0c-b6946b10bf7b','individual','male',NULL,'Q114356385',NULL,NULL,NULL,'Jacques Budé',NULL,NULL,'unknown_location_XX_gid_unknown','Unknown',NULL,'1473',NULL,NULL,'1473-01-01',1,'1473',NULL,NULL,'1473-12-31','1473','Répertoire','noyon_FR_gid_2989877','Noyon','Répertoire','1521','09','30','1521-09-30',0,'1521','09','30','1521-09-30','30 septembre 1521','Répertoire',NULL),('8ad99d13-2ff3-4b64-b5aa-253a2613dc74','individual','male','4969350','Q64344','118521330','cnp01443471','bff27372-c8ac-4a54-bc43-4d3c2e5fc689','Johannes Cochlaeus','Dobnek // Cocleus // Cochleus // Cochläus // Dobeneck // Dobenek Wendelstenius','COE I, 321-322 // HGK I, 189','wendelstein_DE_gid_2811292','Wendelstein bei Schwabach/Mittelfranken','HGK I, 189','1479',NULL,NULL,'1479-01-01',1,'1479',NULL,NULL,'1479-12-31','1479','HGK I, 189','wrocław_PL_gid_3081368','Breslau','HGK I, 189','1552','01','10','1552-01-10',0,'1552','01','10','1552-01-10','10 January 1552','COE I, 321-322',NULL),('8cfb9559-d2a4-4fed-b8e1-4e1152da25d1','individual','male','309715331','Q114399979','1055728473','cnp01055352',NULL,'Olivier de Lyon',NULL,NULL,'unknown_location_XX_gid_unknown','Unknown',NULL,NULL,NULL,NULL,NULL,1,NULL,NULL,NULL,NULL,NULL,NULL,'unknown_location_XX_gid_unknown','Unknown',NULL,'1529',NULL,NULL,'1529-01-01',1,'1529',NULL,NULL,'1529-12-31','un peu avant l\'année 1530','Répertoire',NULL),('95a7c0a6-f582-4b68-b2d5-6fe4f238fb08','individual','male','51697938','Q80516','118714090','cnp01879109','313be91d-f8c5-47d4-a1f0-f6796bdf12b7','Pape Jules II','Guiliano della Rovere','GND','albisola_superiore_IT_gid_6534243','Albisola Superiore','GND','1443','12','05','1443-12-05',0,'1443','12','05','1443-12-05','5 December 1443','COE II, 250-252','rome_IT_gid_3169070','Rome','COE II, 250-252','1513','02','21','1513-02-21',0,'1513','02','21','1513-02-21','21 February 1513','COE II, 250-252',NULL),('968b6cc9-aee2-446a-a3e1-665fb91f4aab','individual','male','74646923','Q15974139','118666959','cnp00967585','e0302e74-8fbd-42d8-aabd-b7162ec0c737','Claude Chansonette','Chansonnette // Chansonet // Cantiuncula','COE I, 259-261 // HGK I, 163','metz_FR_gid_2994160','Metz','HGK I, 163','1490',NULL,NULL,'1490-01-01',1,'1490',NULL,NULL,'1490-12-31','ca 1490','HGK I, 163','ensisheim_FR_gid_3020152','Ensisheim','ABF','1549','10',NULL,'1549-10-01',1,'1549','10',NULL,'1549-10-31','Okt. 1549','HDS',NULL),('96a63010-6201-4f01-a82f-e6108cb30f08','individual','male','76326881','Q682478','119006626','cnp01321724','7e4b38f1-a45a-44ce-bcdd-43db2ecf93bc','Jacques Sadolet','Sadolet','COE III, 183-187','modena_IT_gid_3173331','Modena','COE III, 183-187','1477','07','12','1477-07-12',0,'1477','07','12','1477-07-12','12 July 1477','COE III, 183-187','rome_IT_gid_3169070','Rome','COE III, 183-187','1547','10','18','1547-10-18',0,'1547','10','18','1547-10-18','18 October 1547','COE III, 183-187',NULL),('96b34928-b9ad-4622-a9e5-2bc06a5895ef','individual','male','22249056','Q122567','100741932','cnp01347602',NULL,'Guillaume Cop','Copus','COE I, 336-337','basel_CH_gid_2661604','Basel','COE I, 336-337','1465',NULL,NULL,'1465-01-01',1,'1465',NULL,NULL,'1465-12-31','ca. 1465','Reuchlin BW Leseausgabe Bd.III, 266','paris_FR_gid_2988507','Paris','Reuchlin BW Leseausgabe Bd.III, 266','1532','12','02','1532-12-02',0,'1532','12','02','1532-12-02','2 December 1532','COE I, 336-337',NULL),('a20b6be9-28f9-46c7-b8cd-b6a0014d7d15','individual','male','100187526','Q17302897','100118720','cnp01348219',NULL,'Battista Egnazio','Cipelli // Cipolles // Aegnatius // Egnatius // Egnace // Egnatio','GND','venice_IT_gid_3164603','Venice','COE I, 424-425','1478',NULL,NULL,'1478-01-01',1,'1478',NULL,NULL,'1478-12-31','1478','COE I, 424-425','venice_IT_gid_3164603','Venice','Dizionario Biografico degli Italiani','1553','07','04','1553-07-04',0,'1553','07','04','1553-07-04','4 July 1553','COE I, 424-425',NULL),('a5f0ec00-9ab8-4195-99fa-3bdeb77e082c','individual','male','306487693','Q114276571',NULL,NULL,NULL,'Louis Ruzé','Ruzeus','COE III, 180-181','unknown_location_in_france_FR_gid_unknown','Unknown',NULL,'1468',NULL,NULL,'1468-01-01',1,'1468',NULL,NULL,'1468-12-31','c 1468','COE III, 180-181','unknown_location_XX_gid_unknown','Unknown',NULL,'1526','01',NULL,'1526-01-01',1,'1526','01',NULL,'1526-01-31','January 1526','COE III, 180-181',NULL),('a947e7e4-41f3-4f30-acd3-3cb79fbf5e18','individual','male','71399403','Q316357','118627295','cnp01318738','9c851168-df77-44d1-ba50-33084da5bf1f','Louis Vivès',NULL,NULL,'valencia_ES_gid_2509954','Valencia','COE III, 409-413','1492','03','06','1492-03-06',0,'1492','03','06','1492-03-06','6 March 1492','COE III, 409-413','brugge_BE_gid_2800931','Bruges','COE III, 409-413','1540','05','06','1540-05-06',0,'1540','05','06','1540-05-06','6 May 1540','COE III, 409-413',NULL),('a9779b0b-cb2b-4a48-84c4-940449ef5c3c','individual','male','61645489','Q69024','118772295',NULL,'148130de-7887-49ff-8b9a-b927208c39e7','Ulrich Zasius','Zasy // Zäsy // Zazius','GND // COE III, 469-473','konstanz_DE_gid_2885679','Konstanz','GND','1461',NULL,NULL,'1461-01-01',1,'1461',NULL,NULL,'1461-12-31','1461','COE III, 469-473','freiburg_DE_gid_2925177','Freiburg im Breisgau','GND','1535','11','24','1535-11-24',0,'1535','11','24','1535-11-24','24 November 1535','COE III, 469-473',NULL),('aaa102d1-a010-42df-ab19-a6f44c44933b','individual','male',NULL,'Q114356280',NULL,NULL,NULL,'Jean Budé',NULL,NULL,'unknown_location_XX_gid_unknown','Unknown',NULL,NULL,NULL,NULL,NULL,1,NULL,NULL,NULL,NULL,NULL,NULL,'unknown_location_XX_gid_unknown','Unknown',NULL,NULL,NULL,NULL,NULL,1,NULL,NULL,NULL,NULL,NULL,NULL,NULL),('ab74d6de-13e3-4b8b-909a-b9471a2d75f3','individual','male','12405190','Q372503','104328916','cnp01880350',NULL,'Christophe de Longueil','Longolius','COE II, 342-345','mechelen_BE_gid_2791537','Mechelen','COE II, 342-345','1488',NULL,NULL,'1488-01-01',1,'1488',NULL,NULL,'1488-12-31','c 1488','COE II, 342-345','padova_IT_gid_3171728','Padua','COE II, 342-345','1522','09','11','1522-09-11',0,'1522','09','11','1522-09-11','11 September 1522','COE II, 342-345',NULL),('abe3a7de-94f2-4ff0-9a0a-54cf05c651db','individual','male',NULL,'Q361358',NULL,NULL,NULL,'Adolphus Roboreus','Eichholtz // Eichols // Roborius // Dryoxylus','COE I, 426','köln_DE_gid_2886242','Cologne','COE I, 426','1487',NULL,NULL,'1487-01-01',1,'1489',NULL,NULL,'1489-12-31','vor 1490','Base Budé','köln_DE_gid_2886242','Köln','Base Budé','1563','07',NULL,'1563-07-01',1,'1563','07',NULL,'1563-07-31','1563','COE I, 426',NULL),('afa6b456-fdb3-4347-b36f-c095f2b143b3','individual','male',NULL,NULL,NULL,NULL,NULL,'N. P.',NULL,NULL,'unknown_location_XX_gid_unknown','Unknown',NULL,NULL,NULL,NULL,NULL,1,NULL,NULL,NULL,NULL,NULL,NULL,'unknown_location_XX_gid_unknown','Unknown',NULL,NULL,NULL,NULL,NULL,1,NULL,NULL,NULL,NULL,NULL,NULL,NULL),('b2948fe5-b5ea-4642-bcf8-17c1034e72a3','individual','male',NULL,NULL,NULL,NULL,NULL,'Burensis',NULL,NULL,'unknown_location_XX_gid_unknown','Unknown',NULL,NULL,NULL,NULL,NULL,1,NULL,NULL,NULL,NULL,NULL,NULL,'unknown_location_XX_gid_unknown','Unknown',NULL,NULL,NULL,NULL,NULL,1,NULL,NULL,NULL,NULL,NULL,NULL,NULL),('b38af319-02eb-4159-8579-4e864c755667','individual','male','39363518','Q112450739','100746896','cnp01880659','5c53b713-bfb3-418b-a155-9f1756ca5310','Guy Morillon','Morillo // Morilionus // Morilionius','GND','unknown_location_in_france_FR_gid_unknown','Unknown',NULL,NULL,NULL,NULL,NULL,1,NULL,NULL,NULL,NULL,NULL,NULL,'leuven_BE_gid_2792482','Louvain','COE II, 461-462','1548','12','02','1548-12-02',0,'1548','12','02','1548-12-02','2 December 1548','COE II, 461-462',NULL),('b685896b-0987-4f43-8d24-a92aee969718','individual','male',NULL,'Q114398187',NULL,NULL,NULL,'Jean Le Picart',NULL,NULL,'unknown_location_XX_gid_unknown','Unknown',NULL,NULL,NULL,NULL,NULL,1,NULL,NULL,NULL,NULL,NULL,NULL,'unknown_location_XX_gid_unknown','Unknown',NULL,'1549',NULL,NULL,'1549-01-01',1,'1549',NULL,NULL,'1549-12-31','1549','Répertoire',NULL),('b959912e-4628-4219-b2c6-472f1a0b43f2','individual','male','100160323','Q2292575','100967310',NULL,'7a548f17-e18c-4d5b-86ac-f17940a484e6','Pierre Gilles','Gyllius // Gillius','COE II, 98','albi_FR_gid_3038261','Albi','COE II, 98','1490',NULL,NULL,'1490-01-01',1,'1490',NULL,NULL,'1490-12-31','1490','COE II, 98','rome_IT_gid_3169070','Rome','COE II, 98','1555',NULL,NULL,'1555-01-01',1,'1555',NULL,NULL,'1555-12-31','1555','COE II, 98','not to be mistaken with Erasmus\' correspondent Pieter Gillis'),('bb4889a2-042c-4eb0-bde8-25080b8324ca','individual','male',NULL,NULL,NULL,NULL,NULL,'Florent Le Picart',NULL,NULL,'unknown_location_in_france_FR_gid_unknown','Unknown',NULL,NULL,NULL,NULL,NULL,1,NULL,NULL,NULL,NULL,NULL,NULL,'unknown_location_in_france_FR_gid_unknown','Unknown',NULL,'1545','10','25','1545-10-25',0,'1545','10','25','1545-10-25','25 octobre 1545','ABF',NULL),('c0b89c75-45b8-4b04-bfd7-25bfe9ed040b','individual','male','105878228','Q353668','118516868','cnp01323750','7044f479-cca1-41c1-ac10-af753f35f9fc','Guillaume Budé','Budaeus','COE I, 212-217','paris_FR_gid_2988507','Paris','HGK I, 140','1468','01','26','1468-01-26',0,'1468','01','26','1468-01-26','26 January 1468','COE I, 212-217','paris_FR_gid_2988507','Paris','HGK I, 140','1540','08','22','1540-08-22',0,'1540','08','22','1540-08-22','22 August 1540','COE I, 212-217',NULL),('c2ff0092-c760-430e-a5ff-2430813d1bc6','individual','male','100171875','Q1066534','120882841','cnp01316646',NULL,'Charles de Bovelles','Bovillus // Bouvelles // Bouilles // Bouelles // Bovillo // Bonillus','GND','sancourt_FR_gid_2976240','Sancourt, village de Picardie','ABF','1470',NULL,NULL,'1470-01-01',1,'1470',NULL,NULL,'1470-12-31','vers 1470','ABF','noyon_FR_gid_2989877','Noyon','ABF','1553',NULL,NULL,'1553-01-01',1,'1553',NULL,NULL,'1553-12-31','vers 1553','ABF',NULL),('c3075cc7-2f2b-44ab-949c-eb15967cef26','individual','male','63996871','Q3387058',NULL,NULL,NULL,'Pierre Séguier',NULL,NULL,'paris_FR_gid_2988507','Paris','BNF','1504','08',NULL,'1504-08-01',1,'1504','08',NULL,'1504-08-31','1504-08','BNF','paris_FR_gid_2988507','Paris','BNF','1580','10','25','1580-10-25',0,'1580','10','25','1580-10-25','1580-10-25','BNF',NULL),('c9a255e8-eb32-4374-ad89-503241629c28','individual','male','10639976','Q432077','118680943','cnp01906012','c13524de-6a2c-4a17-a1f4-b6f294d76aca','François Duaren',NULL,NULL,'moncontour_FR_gid_2993379','Moncontour (Côtes-d\'Armor)','GND','1509',NULL,NULL,'1509-01-01',1,'1509',NULL,NULL,'1509-12-31','1509','BNF','bourges_FR_gid_3031005','Bourges','BNF','1559',NULL,NULL,'1559-01-01',1,'1559',NULL,NULL,'1559-12-31','1559','Répertoire, 239',NULL),('caaa7a02-5d35-41ef-bf54-fd37661dca81','individual','male','2304159474438027662579',NULL,NULL,NULL,NULL,'Pierre de Courthardy','Couthardi // Cothardus // Coardus','Imprimeurs et libraires parisiens du XVIe siècle, Vol. 2 // IDRef','unknown_location_in_france_FR_gid_unknown','Unknown',NULL,NULL,NULL,NULL,NULL,1,NULL,NULL,NULL,NULL,NULL,NULL,'unknown_location_in_france_FR_gid_unknown','Unknown',NULL,NULL,NULL,NULL,NULL,1,NULL,NULL,NULL,NULL,NULL,NULL,NULL),('cacec994-3346-4081-bd41-7c3dd391e8e3','individual','male','44352439','Q942766','11901808X','cni00038909','62ad823a-cdd1-4c73-88f0-4d3e76f64eba','Josse Bade','Badius // Ascensius // Ascentius','GND','asse_BE_gid_2803033','d\'Asche bei Brüssel','HGK I, 57','1461',NULL,NULL,'1461-01-01',1,'1462',NULL,NULL,'1462-12-31','c 1461 // 1462','COE I, 79-81 // GND','paris_FR_gid_2988507','Paris','HGK I, 57','1535','12',NULL,'1535-12-01',1,'1535','12',NULL,'1535-12-31','December 1535','COE I, 79-81',NULL),('ce2e340e-9f50-4bd1-95e0-4ab14eaa0d09','individual','male','67250364','Q2149257','117731528','cnp01021691',NULL,'Richard Croke','Crocus','COE I, 359-360','london_GB_gid_2643743','London','COE I, 359-360','1489',NULL,NULL,'1489-01-01',1,'1489',NULL,NULL,'1489-12-31','c 1489','COE I, 359-360','london_GB_gid_2643743','London','BBA','1558','08',NULL,'1558-08-20',1,'1558','08',NULL,'1558-08-31','late August 1558','COE I, 359-360',NULL),('cf3972c3-9700-467a-be0e-d8b2ed95486c','individual','male','100170223','Q356513','118682938','cnp01316213','5acfe167-b0e8-480a-8475-be922b7e7154','Jacques Lefèvre d\'Etaples','Faber Stapulensis','COE II, 315-318','étaples_FR_gid_3019441','Étaples in Picardy','COE II, 315-318','1460',NULL,NULL,'1460-01-01',1,'1460',NULL,NULL,'1460-12-31','c 1460','COE II, 315-318','nérac_DE_gid_2990780','Nérac','COE II, 315-318','1536',NULL,NULL,'1536-01-01',1,'1536',NULL,NULL,'1536-12-31','1536','COE II, 315-318',NULL),('d1bb5b32-b656-42a8-9044-4d080996fb42','individual','male',NULL,'Q114377357',NULL,NULL,NULL,'Jean Duaren',NULL,NULL,'unknown_location_XX_gid_unknown','Unknown',NULL,NULL,NULL,NULL,NULL,1,NULL,NULL,NULL,NULL,NULL,NULL,'unknown_location_XX_gid_unknown','Unknown',NULL,NULL,NULL,NULL,NULL,1,NULL,NULL,NULL,NULL,NULL,NULL,NULL),('d5256b25-70df-48e3-95be-3d290c0a978b','individual','male','17126029','Q12881102',NULL,NULL,NULL,'Hermodore Laestarchos','Listarchos','Encyclopedia of Renaissance Philosophy','zakynthos_GR_gid_251280','Zakynthos','Budé lettres grecques, 105','1500',NULL,NULL,'1500-01-01',1,'1505',NULL,NULL,'1505-12-31','1500/1505','Encyclopedia of Renaissance Philosophy','chíos_GR_gid_259973','Chios?','Encyclopedia of Renaissance Philosophy','1570',NULL,NULL,'1570-01-01',1,'1577',NULL,NULL,'1577-12-31','1570/77','Encyclopedia of Renaissance Philosophy',NULL),('d95500e5-0677-4695-ad88-880c1c1e331b','individual','male','54966033','Q61481817','11981255X','cnp01875487',NULL,'Bernardin Rutilio','Rutilius','GND','cologna_veneta_IT_gid_3178288','Cologna bei Vicenza','ABI','1504',NULL,NULL,'1504-01-01',1,'1504',NULL,NULL,'1504-12-31','1504','ABI','venice_IT_gid_3164603','Venedig','ABI','1538',NULL,NULL,'1538-01-01',1,'1538',NULL,NULL,'1538-01-01','1538','ABF',NULL),('dc84f768-ef2a-45f3-95f5-283c3aef9477','individual','male',NULL,'Q15967061',NULL,NULL,NULL,'Jean Binet',NULL,NULL,'unknown_location_XX_gid_unknown','Unknown',NULL,NULL,NULL,NULL,NULL,1,NULL,NULL,NULL,NULL,NULL,NULL,'unknown_location_XX_gid_unknown','Unknown',NULL,NULL,NULL,NULL,NULL,1,NULL,NULL,NULL,NULL,NULL,NULL,NULL),('e1cd9007-1400-4ea8-b839-bac9b9a404a4','individual','male',NULL,NULL,'1033331430','cnp02072240',NULL,'David Buresius ',NULL,NULL,'unknown_location_in_france_FR_gid_unknown','Unknown',NULL,NULL,NULL,NULL,NULL,1,NULL,NULL,NULL,NULL,NULL,NULL,'unknown_location_in_france_FR_gid_unknown','Unknown',NULL,NULL,NULL,NULL,NULL,1,NULL,NULL,NULL,NULL,NULL,NULL,'royal councillor in the Parlament of Rouen'),('e2eec6ec-259f-4a92-93c9-b92710bc928f','individual','male',NULL,NULL,NULL,NULL,NULL,'Io. Pe',NULL,NULL,'unknown_location_XX_gid_unknown','Unknown',NULL,NULL,NULL,NULL,NULL,1,NULL,NULL,NULL,NULL,NULL,NULL,'unknown_location_XX_gid_unknown','Unknown',NULL,NULL,NULL,NULL,NULL,1,NULL,NULL,NULL,NULL,NULL,NULL,NULL),('eeb88e60-ea26-4029-9e0c-77a8f3f58e5c','individual','male','62360861','Q1245672','11955044X','cnp01238053',NULL,'Richard Pace','Paceus','COE III, 37-39','unknown_location_in_hampshire_GB_gid_unknown','prob. Hampshire, in/near Winchester','COE III, 37-39','1482',NULL,NULL,'1482-01-01',1,'1482',NULL,NULL,'1482-12-31','1482','GND','london_GB_gid_2643743','London','COE III, 37-39','1536','06','28','1536-06-28',0,'1536','06','28','1536-06-28','28 June 1536','COE III, 37-39',NULL),('eee85c56-9df9-4bd4-ac80-cbca53d34f1f','individual','male','64378074','Q3175416','12902130X','cnp01409993',NULL,'Jean de Ganay','Ganaiensis // Deganaius','GND','autun_FR_gid_3035883','Autun','ABF','1450',NULL,NULL,'1450-01-01',1,'1450',NULL,NULL,'1450-12-31','1450','CERL Thesuarus','blois_FR_gid_3032213','Blois','ABF','1512',NULL,NULL,'1512-01-01',1,'1512',NULL,NULL,'1512-05-31','avant 1512/6','Bibale',NULL),('f87efcf6-45a4-406c-b89a-8b66b81742d4','individual','male',NULL,'Q114356946',NULL,NULL,NULL,'Jean Courtin',NULL,NULL,'unknown_location_XX_gid_unknown','Unknown',NULL,'1507',NULL,NULL,'1507-01-01',1,'1507',NULL,NULL,'1507-12-31','circa 1507','Répertoire','unknown_location_XX_gid_unknown','Unknown',NULL,NULL,NULL,NULL,NULL,1,NULL,NULL,NULL,NULL,NULL,NULL,NULL),('f9e11bac-0cae-4e9e-acb8-6b67480b2ad6','individual','male','59219003','Q1772423','132311690','cnp01878889',NULL,'Georges d\'Armagnac',NULL,NULL,'unknown_location_in_france_FR_gid_unknown','Unknown',NULL,'1500',NULL,NULL,'1500-01-01',1,'1500',NULL,NULL,'1500-12-31','1500','COE I, 72','avignon_FR_gid_3035681','Avignon','ABF','1585','07','10','1585-07-10',0,'1585','07','10','1585-07-10','10 July 1585','COE I, 72',NULL),('fa8b4f44-551f-4cc6-a4f7-d5fb957064ae','individual','male','32142389','Q498547','100939503','cnp01362856',NULL,'Janus Lascaris',NULL,NULL,'İstanbul_TR_gid_745044','Constantinople','COE II, 292-294','1445',NULL,NULL,'1445-01-01',1,'1445',NULL,NULL,'1445-12-31','1445','COE II, 292-294','rome_IT_gid_3169070','Rome','COE II, 292-294','1534','12','07','1534-12-07',0,'1534','12','07','1534-12-07','7 December 1534','COE II, 292-294',NULL),('fc0cedd7-4b92-4a05-be97-f56683b199d4','individual','male','289634335','Q132545','118548166','cnp01875330','087baa16-1bc3-4706-b81e-75d9365c7b60','Henri d\'Orléans','Henry II // Heinrich II','GND','saint_germain_en_laye_FR_gid_2979783','Saint-Germain-en-Laye','ABF','1519',NULL,NULL,'1519-01-01',1,'1519',NULL,NULL,'1519-12-31','1519','ABF','paris_FR_gid_2988507','Paris','ABF','1559',NULL,NULL,'1559-01-01',1,'1559',NULL,NULL,'1559-12-31','1559','ABF',NULL),('fca3ef2d-681d-49ff-b700-1929e91f81a1','individual','male','89034021','Q7791979','1072201046','cnp02124680',NULL,'Thomas Lupset','Lupsett','COE II, 357-359','london_GB_gid_2643743','London','COE II, 357-359','1498',NULL,NULL,'1498-01-01',1,'1498',NULL,NULL,'1498-12-31','c 1498','COE II, 357-359','london_GB_gid_2643743','London','COE II, 357-359','1530','12','27','1530-12-27',0,'1530','12','27','1530-12-27','27 December 1530','COE II, 357-359',NULL);
/*!40000 ALTER TABLE `correspondents` ENABLE KEYS */;
UNLOCK TABLES;

--
-- Table structure for table `letters`
--

DROP TABLE IF EXISTS `letters`;
/*!40101 SET @saved_cs_client     = @@character_set_client */;
/*!50503 SET character_set_client = utf8mb4 */;
CREATE TABLE `letters` (
  `letters_id` varchar(45) NOT NULL COMMENT 'This column carries the primary key for the table.',
  `letter_no_in_edition` varchar(200) DEFAULT NULL COMMENT 'This column carries the sequential alphanumerical identifier(s) of a letter in the edition(s) followed by an abbreviation of the edition the identifiers refers to.',
  `sender_id` varchar(200) DEFAULT NULL COMMENT 'This column carries the primary key of the ‘correspondents’ table as a foreign key for the sender of the letter. This does not only enable the identification of correspondents independently of the spelling in/between edition(s) but also allows for que',
  `sender_as_marked` varchar(500) DEFAULT NULL COMMENT 'This column carries the name of the letter’s sender as it has been marked in the edition that has been the source for the capturing of the metadata for the individual letter. ',
  `sender_inferred` tinyint(1) DEFAULT NULL COMMENT 'This column carries a Boolean operator (1 or 0) that indicates if the sender of a letter has been inferred by the editors of the source that has been used to capture the metadata on the individual letter.',
  `sender_uncertain` tinyint(1) DEFAULT NULL COMMENT 'This column carries a Boolean operator (1 or 0) that indicates if the editors of the source material have indicated that there is a degree of uncertainty with regard to the sender of the letter.',
  `recipient_id` varchar(200) DEFAULT NULL COMMENT 'This column carries the primary key of the ‘correspondents’ table as a foreign key for the recipient of the letter',
  `recipient_as_marked` varchar(500) DEFAULT NULL COMMENT 'This column carries the name of the letter’s recipient as it has been marked in the edition that has been the source for the capturing of the metadata for the individual letter.',
  `recipient_inferred` tinyint(1) DEFAULT NULL COMMENT 'This column carries a Boolean operator (1 or 0) that indicates if the recipient of a letter has been inferred by the editors of the source that has been used to capture the metadata on the individual letter.',
  `recipient_uncertain` tinyint(1) DEFAULT NULL COMMENT 'This column carries a Boolean operator (1 or 0) that indicates if the editors of the source material have indicated that there is a degree of uncertainty with regard to the recipient of the letter.',
  `label` varchar(500) DEFAULT NULL COMMENT 'This column carries the individual row of a letter as it appears in the list of letters that many editions provide. In cases where such lists are not available, this column carries the ‘header’ of the individual letter as it appears in the edition tha',
  `send_date_year1` varchar(4) DEFAULT NULL COMMENT 'This column carries the year the individual letter has been sent in the four-digit format (YYYY) according to the ISO 8601 specification.',
  `send_date_month1` varchar(2) DEFAULT NULL COMMENT 'This column carries the month the individual letter has been sent in the two-digit format (MM) according to the ISO 8601 specification.',
  `send_date_day1` varchar(2) DEFAULT NULL COMMENT 'This column carries the day the individual letter has been sent in the two-digit format (DD) according to the ISO 8601 specification',
  `send_date_computable1` date DEFAULT NULL COMMENT 'This column carries the date of dispatch of the individual letter in the YYYY-MM-DD format according to the ISO 8601 specification.',
  `send_date_has_range` tinyint(1) DEFAULT NULL COMMENT 'This column carries a Boolean operator (1 or 0) that indicates if the individual letter has a date range, i.e. if it’s dating is/can be narrowed down to a specific day or not.',
  `send_date_year2` varchar(4) DEFAULT NULL COMMENT 'This column carries the year the individual letter has been sent in the four-digit format (YYYY) according to the ISO 8601 specification.',
  `send_date_month2` varchar(2) DEFAULT NULL COMMENT 'This column carries the month the individual letter has been sent in the two-digit format (MM) according to the ISO 8601 specification.',
  `send_date_day2` varchar(2) DEFAULT NULL COMMENT 'This column carries the month the individual letter has been sent in the two-digit format (DD) according to the ISO 8601 specification.',
  `send_date_computable2` date DEFAULT NULL COMMENT 'This column carries the date of dispatch of the individual letter in the YYYY-MM-DD format according to the ISO 8601 specification (cf. send_date_computable1).',
  `send_date_as_marked` varchar(200) DEFAULT NULL COMMENT 'This column carries the date specification of the individual letter as it appears in the list of letters that many editions provide. In cases where such lists are not available, this column carries the date specification as it appears in the ‘header’ ',
  `send_date_inferred` tinyint(1) DEFAULT NULL COMMENT 'This column carries a Boolean operator (1 or 0) that indicates if the date of dispatch of a letter has been inferred by the editors of the source that has been used to capture the metadata on the individual letter. ',
  `send_date_approx` tinyint(1) DEFAULT NULL COMMENT 'This column carries a Boolean operator (1 or 0) that indicates if the date of dispatch of a letter has been marked by the editors of the source material as an approximation.',
  `send_date_uncertain` tinyint(1) DEFAULT NULL COMMENT 'This column carries a Boolean operator (1 or 0) that indicates if the date of dispatch of a letter has been marked by the editors of the source material as uncertain.',
  `source_loc_id` varchar(90) DEFAULT NULL COMMENT 'This column carries the primary key of the ‘locations’ table as a foreign key for the location from where the letter has been dispatched.',
  `source_loc_as_marked` varchar(200) DEFAULT NULL COMMENT 'This column carries the location from where the individual letter has been dispatched as it appears in the list of letters that many editions provide. ',
  `source_loc_inferred` tinyint(1) DEFAULT NULL COMMENT 'This column carries a Boolean operator (1 or 0) that indicates if the location of dispatch of a letter has been inferred by the editors of the source that has been used to capture the metadata on the individual letter. ',
  `source_loc_uncertain` tinyint(1) DEFAULT NULL COMMENT 'This column carries a Boolean operator (1 or 0) that indicates if the editors of the source material have indicated that there is a degree of uncertainty with regard to the location of dispatch of the letter.',
  `target_loc_id` varchar(90) DEFAULT NULL COMMENT 'This column carries the primary key of the ‘locations’ table as a foreign key for the location to which the letter has been dispatched to.',
  `target_loc_as_marked` varchar(200) DEFAULT NULL COMMENT 'This column carries the location to which the individual letter has been dispatched to (cf. source_loc_as_marked).',
  `target_loc_inferred` tinyint(1) DEFAULT NULL COMMENT 'This column carries a Boolean operator (1 or 0) that indicates if the location to which a letter has been dispatched to has been inferred by the editors of the source that has been used to capture the metadata on the individual letter .',
  `target_loc_uncertain` tinyint(1) DEFAULT NULL COMMENT 'This column carries a Boolean operator (1 or 0) that indicates if the editors of the source material have indicated that there is a degree of uncertainty with regard to the location of dispatch of the letter.',
  `letter_language` varchar(45) DEFAULT NULL COMMENT 'This column carries the language(s) the individual letter has been written in. If a letter contains multiple languages in equal parts, the language denominations are separated by a “//” as delimiter.',
  `letter_type_genus` varchar(45) DEFAULT NULL COMMENT 'This column carries a classification of the letter according to the following taxonomy: (1) familiar letter (2) dedicatory letter (3) prefatory letter. If a letter matches multiple criteria, the classifications are separated by a “//” as delimiter.',
  `letter_type_x_to_x` varchar(45) DEFAULT NULL COMMENT 'This column carries information of the type of epistolary exchange. ‘letter_1_to_1’ denotes an exchange between two individuals, whereas ‘letter_1_to_n’ and its inverse signify letters with multiple recipients or senders. ‘letter_n_to_n’ denot',
  `further_annotation` varchar(800) DEFAULT NULL COMMENT 'This column can be used to store notes that are relevant to capturing of the individual letter, e.g. a reference to an article in which the letter has been published (for those cases where a letter hasn’t been published also in an edition).',
  PRIMARY KEY (`letters_id`),
  KEY `fk_letters_correspondents1_idx` (`sender_id`),
  KEY `fk_letters_correspondents2_idx` (`recipient_id`),
  KEY `fk_letters_locations1_idx` (`source_loc_id`),
  KEY `fk_letters_locations2_idx` (`target_loc_id`),
  CONSTRAINT `fk_letters_correspondents1` FOREIGN KEY (`sender_id`) REFERENCES `correspondents` (`correspondents_id`),
  CONSTRAINT `fk_letters_correspondents2` FOREIGN KEY (`recipient_id`) REFERENCES `correspondents` (`correspondents_id`),
  CONSTRAINT `fk_letters_locations1` FOREIGN KEY (`source_loc_id`) REFERENCES `locations` (`locations_id`),
  CONSTRAINT `fk_letters_locations2` FOREIGN KEY (`target_loc_id`) REFERENCES `locations` (`locations_id`)
) ENGINE=InnoDB DEFAULT CHARSET=utf8;
/*!40101 SET character_set_client = @saved_cs_client */;

--
-- Dumping data for table `letters`
--

LOCK TABLES `letters` WRITE;
/*!40000 ALTER TABLE `letters` DISABLE KEYS */;
INSERT INTO `letters` VALUES ('era_cwealien_571','571 [CWE]','0f7bc43b-c60d-4261-a19a-e1e559dc8873','Cuthbert Tunstall',0,0,'c0b89c75-45b8-4b04-bfd7-25bfe9ed040b','Guillaume Budé',0,0,'Letter From Cuthbert Tunstall to Guillaume Budé [CWE]','1517','04',NULL,'1517-04-01',1,'1517','04',NULL,'1517-04-21','[April 1517]',1,0,0,'antwerpen_BE_gid_2803138','[Antwerp]',1,0,'paris_FR_gid_2988507','[Paris]',1,0,'latin','familiar letter','letter_1_to_1','as the beginning of the date range, a date closer to the middle of April might be more appropriate, cf. CWE IV, 325'),('era_cwealien_583','9 [Gueudet] // 9 [Delaruelle] // 583 [CWE]','c0b89c75-45b8-4b04-bfd7-25bfe9ed040b','Guillaume Budé',0,0,'0f7bc43b-c60d-4261-a19a-e1e559dc8873','Cuthbert Tunstall',0,0,'9 A Cuthbert Tunstall, Paris, 19 mai [1517].','1517','05','19','1517-05-19',0,'1517','05','19','1517-05-19','19 mai [1517]',1,0,0,'paris_FR_gid_2988507','Paris',0,0,'antwerpen_BE_gid_2803138','[Antwerp]',1,0,'latin','familiar letter','letter_1_to_1',NULL),('era_cwe_1004','1004 [CWE]','17c580aa-3ba7-4851-8f26-9b3a0ebeadbf','Erasmus of Rotterdam',0,0,'c0b89c75-45b8-4b04-bfd7-25bfe9ed040b','Guillaume Budé',0,0,'1004 To Guillaume Budé [Antwerp, c 9 August 1519] [CWE]','1519','08','09','1519-08-09',0,'1519','08','09','1519-08-09','[c 9 August 1519] [CWE]',1,1,0,'antwerpen_BE_gid_2803138','[Antwerp]',1,0,'paris_FR_gid_2988507','[Paris]',1,0,'latin','familiar letter','letter_1_to_1',NULL),('era_cwe_1011','44 [Gueudet] // 44 [Delaruelle] // 1011 [CWE]','c0b89c75-45b8-4b04-bfd7-25bfe9ed040b','Guillaume Budé',0,0,'17c580aa-3ba7-4851-8f26-9b3a0ebeadbf','Erasme',0,0,'44 A Erasme, Marly, 15 septembre? [1519]. Lettre grecque.','1519','09',NULL,'1519-09-01',1,'1519','09',NULL,'1519-09-10','[early September 1519] [CWE]',1,0,1,'marly_la_ville_FR_gid_2995653','Marly',0,0,'leuven_BE_gid_2792482','[Leuven]',1,0,'greek','familiar letter','letter_1_to_1','the redating of this letter in CWE has been applied, cf. CWE VII, 66'),('era_cwe_1015','45 [Gueudet] // 45 [Delaruelle] // 1015 [CWE]','c0b89c75-45b8-4b04-bfd7-25bfe9ed040b','Guillaume Budé',0,0,'17c580aa-3ba7-4851-8f26-9b3a0ebeadbf','Erasme',0,0,'45 A Erasme, Marly, 15 septembre? [1519]. Lettre bilingue en paragraphes alternés.','1519','09','15','1519-09-15',0,'1519','09','15','1519-09-15','15 septembre? [1519]',1,0,1,'marly_la_ville_FR_gid_2995653','Marly',0,0,'leuven_BE_gid_2792482','[Leuven]',1,0,'latin','familiar letter','letter_1_to_1',NULL),('era_cwe_1023','1023 [CWE]','17c580aa-3ba7-4851-8f26-9b3a0ebeadbf','Erasmus of Rotterdam',0,0,'c0b89c75-45b8-4b04-bfd7-25bfe9ed040b','Guillaume Budé',0,0,'1023 To Guillaume Budé Louvain, 15 October 1519 [CWE]','1519','10','15','1519-10-15',0,'1519','10','15','1519-10-15','15 October 1519 [CWE]',0,0,0,'leuven_BE_gid_2792482','Louvain',0,0,'unknown_location_in_france_FR_gid_unknown','[Unknown Location in France]',1,0,'latin','familiar letter','letter_1_to_1',NULL),('era_cwe_1066','1066 [CWE]','17c580aa-3ba7-4851-8f26-9b3a0ebeadbf','Erasmus of Rotterdam',0,0,'c0b89c75-45b8-4b04-bfd7-25bfe9ed040b','Guillaume Budé',0,0,'1066 To Guillaume Budé Louvain, 17 February 1520 [CWE]','1520','02','17','1520-02-17',0,'1520','02','17','1520-02-17','17 February 1520 [CWE]',0,0,0,'leuven_BE_gid_2792482','Louvain',0,0,'marly_la_ville_FR_gid_2995653','[Marly]',1,0,'latin','familiar letter','letter_1_to_1',NULL),('era_cwe_1073','61 [Gueudet] // 61 [Delaruelle] // 1073 [CWE]','c0b89c75-45b8-4b04-bfd7-25bfe9ed040b','Guillaume Budé',0,0,'17c580aa-3ba7-4851-8f26-9b3a0ebeadbf','Erasme',0,0,'61 A Erasme, Marly, 26 février [1520].','1520','02','26','1520-02-26',0,'1520','02','26','1520-02-26','26 février [1520]',1,0,0,'marly_la_ville_FR_gid_2995653','Marly',0,0,'leuven_BE_gid_2792482','[Leuven]',1,0,'latin','familiar letter','letter_1_to_1','the redating of this letter in CWE has been applied, cf. CWE VII, 212'),('era_cwe_1133','1133 [CWE]','17c580aa-3ba7-4851-8f26-9b3a0ebeadbf','Erasmus of Rotterdam',0,0,'c0b89c75-45b8-4b04-bfd7-25bfe9ed040b','Guillaume Budé',0,0,'1133 To Guillaume Budé Antwerp, 9 August 1520 [CWE]','1520','08','09','1520-08-09',0,'1520','08','09','1520-08-09','9 August 1520 [CWE]',0,0,0,'antwerpen_BE_gid_2803138','Antwerp',0,0,'unknown_location_in_france_FR_gid_unknown','[Unknown Location in France]',1,0,'latin','familiar letter','letter_1_to_1',NULL),('era_cwe_1184','1184 [CWE]','17c580aa-3ba7-4851-8f26-9b3a0ebeadbf','Erasmus of Rotterdam',0,0,'c0b89c75-45b8-4b04-bfd7-25bfe9ed040b','Guillaume Budé',0,0,'1184 To Guillaume Budé Louvain, 16 February 1521 [CWE]','1521','02','16','1521-02-16',0,'1521','02','16','1521-02-16','16 February 1521 [CWE]',0,0,0,'leuven_BE_gid_2792482','Louvain',0,0,'romorantin_lanthenay_FR_gid_2982967','[Romorantin Lanthenay]',1,0,'latin','familiar letter','letter_1_to_1',NULL),('era_cwe_1233','1233 [CWE]','17c580aa-3ba7-4851-8f26-9b3a0ebeadbf','Erasmus of Rotterdam',0,0,'c0b89c75-45b8-4b04-bfd7-25bfe9ed040b','Guillaume Budé',0,0,'1233 To Guillaume Budé Anderlecht, [c September] 1521 [CWE]','1521','09',NULL,'1521-09-01',1,'1521','09',NULL,'1521-09-30','[c September] 1521 [CWE]',1,1,0,'anderlecht_BE_gid_2803201','Anderlecht',0,0,'unknown_location_in_france_FR_gid_unknown','[Unknown Location in France]',1,0,'latin','familiar letter','letter_1_to_1',NULL),('era_cwe_1328','139 [Gueudet] // 139 [Delaruelle] // 1328 [CWE]','c0b89c75-45b8-4b04-bfd7-25bfe9ed040b','Guillaume Budé',0,0,'17c580aa-3ba7-4851-8f26-9b3a0ebeadbf','Erasme',0,0,'139 A Erasme, Paris, 14 décembre [1522].','1522','12','14','1522-12-14',0,'1522','12','14','1522-12-14','14 décembre [1522]',1,0,0,'paris_FR_gid_2988507','Paris',0,0,'basel_CH_gid_2661604','[Basel]',1,0,'latin','familiar letter','letter_1_to_1',NULL),('era_cwe_1370','140 [Gueudet] // 140 [Delaruelle] // 1370 [CWE]','c0b89c75-45b8-4b04-bfd7-25bfe9ed040b','Guillaume Budé',0,0,'17c580aa-3ba7-4851-8f26-9b3a0ebeadbf','Erasme',0,0,'140 A Erasme, s.l.n.d. [début de l\'année 1523].','1523','06',NULL,'1523-06-01',1,'1523','06',NULL,'1523-06-30','n.d. [c June 1523] [CWE]',1,1,0,'paris_FR_gid_2988507','s.l. [Paris] [CWE]',1,0,'basel_CH_gid_2661604','[Basel]',1,0,'latin','familiar letter','letter_1_to_1','the redating of this letter in CWE has been applied as well as the inferred source location, cf. CWE X, 34-35'),('era_cwe_1439','147 [Gueudet] // 147 [Delaruelle] // 1439 [CWE]','c0b89c75-45b8-4b04-bfd7-25bfe9ed040b','Guillaume Budé',0,0,'17c580aa-3ba7-4851-8f26-9b3a0ebeadbf','Erasme',0,0,'147 A Erasme, Paris, 11 avril [1524]. Lettre grecque, sauf les premier et dernier paragraphes. [15 mars 1525 selon Lavoie]','1524','04','11','1524-04-11',0,'1524','04','11','1524-04-11','11 avril [1524], sauf les premier et dernier paragraphes [15 mars 1525 selon Lavoie]',1,0,0,'paris_FR_gid_2988507','Paris',0,0,'basel_CH_gid_2661604','[Basel]',1,0,'greek','familiar letter','letter_1_to_1',NULL),('era_cwe_1446','148 [Gueudet] // 148 [Delaruelle] // 1446 [CWE]','c0b89c75-45b8-4b04-bfd7-25bfe9ed040b','Guillaume Budé',0,0,'17c580aa-3ba7-4851-8f26-9b3a0ebeadbf','Erasme',0,0,'148 A Erasme, Paris, 8 mai [1524]. Lettre grecque.','1524','05','08','1524-05-08',0,'1524','05','08','1524-05-08','8 mai [1524]',1,0,0,'paris_FR_gid_2988507','Paris',0,0,'basel_CH_gid_2661604','[Basel]',1,0,'greek','familiar letter','letter_1_to_1',NULL),('era_cwe_1601','1601 [CWE]','17c580aa-3ba7-4851-8f26-9b3a0ebeadbf','Erasmus of Rotterdam',0,0,'c0b89c75-45b8-4b04-bfd7-25bfe9ed040b','Guillaume Budé',0,0,'1601 To Guillaume Bude Basel, 25 August 1525 [CWE]','1525','08','25','1525-08-25',0,'1525','08','25','1525-08-25','25 August 1525 [CWE]',0,0,0,'basel_CH_gid_2661604','Basel',0,0,'paris_FR_gid_2988507','[Paris]',1,0,'latin','familiar letter','letter_1_to_1',NULL),('era_cwe_1619','1619 [CWE]','17c580aa-3ba7-4851-8f26-9b3a0ebeadbf','Erasmus of Rotterdam',0,0,'c0b89c75-45b8-4b04-bfd7-25bfe9ed040b','Guillaume Budé',0,0,'1619 To Guillaume Bude Basel, 2 October 1525 [CWE]','1525','10','02','1525-10-02',0,'1525','10','02','1525-10-02','2 October 1525 [CWE]',0,0,0,'basel_CH_gid_2661604','Basel',0,0,'paris_FR_gid_2988507','[Paris]',1,0,'latin','familiar letter','letter_1_to_1',NULL),('era_cwe_1794','1794 [CWE]','17c580aa-3ba7-4851-8f26-9b3a0ebeadbf','Erasmus of Rotterdam',0,0,'c0b89c75-45b8-4b04-bfd7-25bfe9ed040b','Guillaume Budé',0,0,'1794 To Guillaume Budé Basel, 23 March 1527 [CWE]','1527','03','23','1527-03-23',0,'1527','03','23','1527-03-23','23 March 1527 [CWE]',0,0,0,'basel_CH_gid_2661604','Basel',0,0,'paris_FR_gid_2988507','[Paris]',1,0,'latin','familiar letter','letter_1_to_1',NULL),('era_cwe_1812','160 [Gueudet] // 160 [Delaruelle] // 1812 [CWE]','c0b89c75-45b8-4b04-bfd7-25bfe9ed040b','Guillaume Budé',0,0,'17c580aa-3ba7-4851-8f26-9b3a0ebeadbf','Erasme',0,0,'160 A Erasme, Paris, 22 avril [1527].','1527','04','22','1527-04-22',0,'1527','04','22','1527-04-22','22 avril [1527]',1,0,0,'paris_FR_gid_2988507','Paris',0,0,'basel_CH_gid_2661604','[Basel]',1,0,'latin','familiar letter','letter_1_to_1',NULL),('era_cwe_1840','1840 [CWE]','17c580aa-3ba7-4851-8f26-9b3a0ebeadbf','Erasmus of Rotterdam',0,0,'c0b89c75-45b8-4b04-bfd7-25bfe9ed040b','Guillaume Budé',0,0,'1840 To Guillaume Budé [Basel], 22 June 1527 [CWE]','1527','06','22','1527-06-22',0,'1527','06','22','1527-06-22','22 June 1527 [CWE]',0,0,0,'basel_CH_gid_2661604','[Basel]',1,0,'paris_FR_gid_2988507','[Paris]',1,0,'latin','familiar letter','letter_1_to_1',NULL),('era_cwe_2047','2047 [CWE]','17c580aa-3ba7-4851-8f26-9b3a0ebeadbf','Erasmus of Rotterdam',0,0,'c0b89c75-45b8-4b04-bfd7-25bfe9ed040b','Guillaume Budé',0,0,'2047 To Guillaume Budé Basel, [6 September] 1528 [CWE]','1528','09','06','1528-09-06',0,'1528','09','06','1528-09-06','[6 September] 1528 [CWE]',1,0,0,'basel_CH_gid_2661604','Basel',0,0,'unknown_location_in_france_FR_gid_unknown','[Unknown Location in France]',1,0,'latin','familiar letter','letter_1_to_1',NULL),('era_cwe_403','3 [Gueudet] // 3 [Delaruelle] // 403 [CWE]','c0b89c75-45b8-4b04-bfd7-25bfe9ed040b','Guillaume Budé',0,0,'17c580aa-3ba7-4851-8f26-9b3a0ebeadbf','Erasme',0,0,'3 A Erasme, Paris, 1er mai [1516].','1516','05','01','1516-05-01',0,'1516','05','01','1516-05-01','1er mai [1516]',1,0,0,'paris_FR_gid_2988507','Paris',0,0,'basel_CH_gid_2661604','[Basel]',1,0,'latin','familiar letter','letter_1_to_1',NULL),('era_cwe_421','421 [CWE]','17c580aa-3ba7-4851-8f26-9b3a0ebeadbf','Erasmus of Rotterdam',0,0,'c0b89c75-45b8-4b04-bfd7-25bfe9ed040b','Guillaume Budé',0,0,'421 To Guillaume Budé [Antwerp], [c 19 June 1516] [CWE]','1516','06','19','1516-06-19',0,'1516','06','19','1516-06-19','[c 19 June 1516] [CWE]',1,1,0,'antwerpen_BE_gid_2803138','[Antwerp]',1,0,'paris_FR_gid_2988507','[Paris]',1,0,'latin','familiar letter','letter_1_to_1',NULL),('era_cwe_435','4 [Gueudet] // 4 [Delaruelle] // 435 [CWE]','c0b89c75-45b8-4b04-bfd7-25bfe9ed040b','Guillaume Budé',0,0,'17c580aa-3ba7-4851-8f26-9b3a0ebeadbf','Erasme',0,0,'4 A Erasme, Paris, 7 juillet [1516].','1516','07','07','1516-07-07',0,'1516','07','07','1516-07-07','7 juillet [1516]',1,0,0,'paris_FR_gid_2988507','Paris',0,0,'antwerpen_BE_gid_2803138','[Antwerp]',1,0,'latin','familiar letter','letter_1_to_1',NULL),('era_cwe_441','441 [CWE]','17c580aa-3ba7-4851-8f26-9b3a0ebeadbf','Erasmus of Rotterdam',0,0,'c0b89c75-45b8-4b04-bfd7-25bfe9ed040b','Guillaume Budé',0,0,'441 To Guillaume Budé Antwerp, 14 July [1516] [CWE]','1516','07','14','1516-07-14',0,'1516','07','14','1516-07-14','14 July [1516] [CWE]',1,0,0,'antwerpen_BE_gid_2803138','Antwerp',0,0,'paris_FR_gid_2988507','[Paris]',1,0,'latin','familiar letter','letter_1_to_1',NULL),('era_cwe_480','480 [CWE]','17c580aa-3ba7-4851-8f26-9b3a0ebeadbf','Erasmus of Rotterdam',0,0,'c0b89c75-45b8-4b04-bfd7-25bfe9ed040b','Guillaume Budé',0,0,'480 To Guillaume Budé Brussels, 28 October 1516 [CWE]','1516','10','28','1516-10-28',0,'1516','10','28','1516-10-28','28 October 1516 [CWE]',0,0,0,'brussels_BE_gid_2800866','Brussels',0,0,'paris_FR_gid_2988507','[Paris]',1,0,'latin','familiar letter','letter_1_to_1',NULL),('era_cwe_493','5 [Gueudet] // 5 [Delaruelle] // 493 [CWE]','c0b89c75-45b8-4b04-bfd7-25bfe9ed040b','Guillaume Budé',0,0,'17c580aa-3ba7-4851-8f26-9b3a0ebeadbf','Erasme',0,0,'5 A Erasme, Paris, [26 novembre 1516].','1516','11','26','1516-11-26',0,'1516','11','26','1516-11-26','[26 novembre 1516]',1,0,0,'paris_FR_gid_2988507','Paris',0,0,'brussels_BE_gid_2800866','[Brussels]',1,0,'latin','familiar letter','letter_1_to_1','the redating of this letter in CWE has been applied, cf. CWE IV, 137'),('era_cwe_522','7 [Gueudet] // 7 [Delaruelle] // 522 [CWE]','c0b89c75-45b8-4b04-bfd7-25bfe9ed040b','Guillaume Budé',0,0,'17c580aa-3ba7-4851-8f26-9b3a0ebeadbf','Erasme',0,0,'7 A Erasme, Paris, 5 février [1517].','1517','02','05','1517-02-05',0,'1517','02','05','1517-02-05','5 février [1517]',1,0,0,'paris_FR_gid_2988507','Paris',0,0,'brussels_BE_gid_2800866','[Brussels]',1,0,'latin','familiar letter','letter_1_to_1',NULL),('era_cwe_531','531 [CWE]','17c580aa-3ba7-4851-8f26-9b3a0ebeadbf','Erasmus of Rotterdam',0,0,'c0b89c75-45b8-4b04-bfd7-25bfe9ed040b','Guillaume Budé',0,0,'531 To Guillaume Budé Antwerp, 15 February 1517 [CWE]','1517','02','15','1517-02-15',0,'1517','02','15','1517-02-15','15 February 1517 [CWE]',0,0,0,'antwerpen_BE_gid_2803138','Antwerpen',0,0,'paris_FR_gid_2988507','[Paris]',1,0,'latin','familiar letter','letter_1_to_1',NULL),('era_cwe_534','534 [CWE]','17c580aa-3ba7-4851-8f26-9b3a0ebeadbf','Erasmus of Rotterdam',0,0,'c0b89c75-45b8-4b04-bfd7-25bfe9ed040b','Guillaume Budé',0,0,'534 To Guillaume Budé Antwerp, 21 February 1517 [CWE]','1517','02','21','1517-02-21',0,'1517','02','21','1517-02-21','21 February 1517 [CWE]',0,0,0,'antwerpen_BE_gid_2803138','Antwerpen',0,0,'paris_FR_gid_2988507','[Paris]',1,0,'latin','familiar letter','letter_1_to_1',NULL),('era_cwe_568','8 [Gueudet] // 8 [Delaruelle] // 568 [CWE]','c0b89c75-45b8-4b04-bfd7-25bfe9ed040b','Guillaume Budé',0,0,'17c580aa-3ba7-4851-8f26-9b3a0ebeadbf','Erasme',0,0,'*8 A Erasme, Paris, 5 avril [1517]. Lettre bilingue (paragraphes alternés).','1517','04','05','1517-04-05',0,'1517','04','05','1517-04-05','5 avril [1517]',1,0,0,'paris_FR_gid_2988507','Paris',0,0,'brussels_BE_gid_2800866','[Brussels]',1,0,'latin // greek','familiar letter','letter_1_to_1','the redating of this letter in CWE has been applied - note that there is no indication in CWE of the minor redating'),('era_cwe_609','11 [Gueudet] // 11 [Delaruelle] // 609 [CWE]','c0b89c75-45b8-4b04-bfd7-25bfe9ed040b','Guillaume Budé',0,0,'17c580aa-3ba7-4851-8f26-9b3a0ebeadbf','Erasme',0,0,'*11 A Erasme, 17 juillet [1517].','1517','07','17','1517-07-17',0,'1517','07','17','1517-07-17','17 juillet [1517]',1,0,0,'paris_FR_gid_2988507','[Paris]',1,0,'leuven_BE_gid_2792482','[Leuven]',1,0,'latin','familiar letter','letter_1_to_1',NULL),('era_cwe_689','689 [CWE]','17c580aa-3ba7-4851-8f26-9b3a0ebeadbf','Erasmus of Rotterdam',0,0,'c0b89c75-45b8-4b04-bfd7-25bfe9ed040b','Guillaume Budé',0,0,'689 To Guillaume Budé Louvain, 26 October [1517] [CWE]','1517','10','26','1517-10-26',0,'1517','10','26','1517-10-26','26 October [1517] [CWE]',1,0,0,'leuven_BE_gid_2792482','Louvain',0,0,'paris_FR_gid_2988507','[Paris]',1,0,'latin','familiar letter','letter_1_to_1',NULL),('era_cwe_723','723 [CWE]','17c580aa-3ba7-4851-8f26-9b3a0ebeadbf','Erasmus of Rotterdam',0,0,'c0b89c75-45b8-4b04-bfd7-25bfe9ed040b','Guillaume Budé',0,0,'723 To Guillaume Budé Louvain, 30 November 1517 [CWE]','1517','11','30','1517-11-30',0,'1517','11','30','1517-11-30','30 November 1517 [CWE]',0,0,0,'leuven_BE_gid_2792482','Louvain',0,0,'paris_FR_gid_2988507','[Paris]',1,0,'latin','familiar letter','letter_1_to_1',NULL),('era_cwe_744','13 [Gueudet] // 13 [Delaruelle] // 744 [CWE]','c0b89c75-45b8-4b04-bfd7-25bfe9ed040b','Guillaume Budé',0,0,'17c580aa-3ba7-4851-8f26-9b3a0ebeadbf','Erasme',0,0,'*13 A Erasme, Paris, 31 décembre [1517].','1517','12','21','1517-12-21',0,'1517','12','21','1517-12-21','21 December [1517]',1,0,0,'paris_FR_gid_2988507','Paris',0,0,'leuven_BE_gid_2792482','[Leuven]',1,0,'latin','familiar letter','letter_1_to_1',NULL),('era_cwe_767','767 [CWE]','17c580aa-3ba7-4851-8f26-9b3a0ebeadbf','Erasmus of Rotterdam',0,0,'c0b89c75-45b8-4b04-bfd7-25bfe9ed040b','Guillaume Budé',0,0,'767 To Guillaume Budé Louvain, [c 18 January] 1518 [CWE]','1518','01','18','1518-01-18',0,'1518','01','18','1518-01-18','[c 18 January] 1518 [CWE]',1,1,0,'leuven_BE_gid_2792482','Louvain',0,0,'paris_FR_gid_2988507','[Paris]',1,0,'latin','familiar letter','letter_1_to_1',NULL),('era_cwe_778','778 [CWE]','17c580aa-3ba7-4851-8f26-9b3a0ebeadbf','Erasmus of Rotterdam',0,0,'c0b89c75-45b8-4b04-bfd7-25bfe9ed040b','Guillaume Budé',0,0,'778 To Guillaume Budé Louvain, 22 February [1518] [CWE]','1518','02','22','1518-02-22',0,'1518','02','22','1518-02-22','22 February [1518] [CWE]',1,0,0,'leuven_BE_gid_2792482','Louvain',0,0,'paris_FR_gid_2988507','[Paris]',1,0,'latin','familiar letter','letter_1_to_1',NULL),('era_cwe_810','14 [Gueudet] // 14 [Delaruelle] // 810 [CWE]','c0b89c75-45b8-4b04-bfd7-25bfe9ed040b','Guillaume Budé',0,0,'17c580aa-3ba7-4851-8f26-9b3a0ebeadbf','Erasme',0,0,'*14 A Erasme, Paris, 12 avril [1518].','1518','04','12','1518-04-12',0,'1518','04','12','1518-04-12','12 avril [1518]',1,0,0,'paris_FR_gid_2988507','Paris',0,0,'leuven_BE_gid_2792482','[Leuven]',1,0,'latin','familiar letter','letter_1_to_1',NULL),('era_cwe_813','813 [CWE]','17c580aa-3ba7-4851-8f26-9b3a0ebeadbf','Erasmus of Rotterdam',0,0,'c0b89c75-45b8-4b04-bfd7-25bfe9ed040b','Guillaume Budé',0,0,'813 To Guillaume Budé Louvain, 17 April [1518] [CWE]','1518','04','17','1518-04-17',0,'1518','04','17','1518-04-17','17 April [1518] [CWE]',1,0,0,'leuven_BE_gid_2792482','Louvain',0,0,'paris_FR_gid_2988507','[Paris]',1,0,'latin','familiar letter','letter_1_to_1',NULL),('era_cwe_819','15 [Gueudet] // 15 [Delaruelle] // 819 [CWE]','c0b89c75-45b8-4b04-bfd7-25bfe9ed040b','Guillaume Budé',0,0,'17c580aa-3ba7-4851-8f26-9b3a0ebeadbf','Erasme',0,0,'*15 A Erasme, Paris, 20 avril [1518].','1518','04','20','1518-04-20',0,'1518','04','20','1518-04-20','20 avril [1518]',1,0,0,'paris_FR_gid_2988507','Paris',0,0,'leuven_BE_gid_2792482','[Leuven]',1,0,'latin','familiar letter','letter_1_to_1',NULL),('era_cwe_869','869 [CWE]','17c580aa-3ba7-4851-8f26-9b3a0ebeadbf','Erasmus of Rotterdam',0,0,'c0b89c75-45b8-4b04-bfd7-25bfe9ed040b','Guillaume Budé',0,0,'869 To Guillaume Budé Louvain, 15 October 1518 [CWE]','1518','10','15','1518-10-15',0,'1518','10','15','1518-10-15','15 October 1518 [CWE]',0,0,0,'leuven_BE_gid_2792482','Louvain',0,0,'paris_FR_gid_2988507','[Paris]',1,0,'latin','familiar letter','letter_1_to_1',NULL),('era_cwe_896','22 [Gueudet] // 22 [Delaruelle] // 896 [CWE]','c0b89c75-45b8-4b04-bfd7-25bfe9ed040b','Guillaume Budé',0,0,'17c580aa-3ba7-4851-8f26-9b3a0ebeadbf','Erasme',0,0,'*22 A Erasme, Paris, 31 octobre 1518.','1518','10','31','1518-10-31',0,'1518','10','31','1518-10-31','31 October [1518] [CWE]',1,0,0,'paris_FR_gid_2988507','Paris',0,0,'leuven_BE_gid_2792482','[Leuven]',1,0,'latin','familiar letter','letter_1_to_1',NULL),('era_cwe_906','906 [CWE]','17c580aa-3ba7-4851-8f26-9b3a0ebeadbf','Erasmus of Rotterdam',0,0,'c0b89c75-45b8-4b04-bfd7-25bfe9ed040b','Guillaume Budé',0,0,'906 To Guillaume Budé Louvain, 22 December 1518 [CWE]','1518','12','22','1518-12-22',0,'1518','12','22','1518-12-22','22 December 1518 [CWE]',0,0,0,'leuven_BE_gid_2792482','Louvain',0,0,'paris_FR_gid_2988507','[Paris]',1,0,'latin','familiar letter','letter_1_to_1',NULL),('era_cwe_915','25 [Gueudet] // 25 [Delaruelle] // 915 [CWE]','c0b89c75-45b8-4b04-bfd7-25bfe9ed040b','Guillaume Budé',0,0,'17c580aa-3ba7-4851-8f26-9b3a0ebeadbf','Erasme',0,0,'*25 A Erasme, Paris, 1er février [1519].','1519','02','01','1519-02-01',0,'1519','02','01','1519-02-01','1er février [1519]',1,0,0,'paris_FR_gid_2988507','Paris',0,0,'leuven_BE_gid_2792482','[Leuven]',1,0,'latin','familiar letter','letter_1_to_1',NULL),('era_cwe_924','26 [Gueudet] // 26 [Delaruelle] // 924 [CWE]','c0b89c75-45b8-4b04-bfd7-25bfe9ed040b','Guillaume Budé',0,0,'17c580aa-3ba7-4851-8f26-9b3a0ebeadbf','Erasme',0,0,'*26 A Erasme, Paris, 6 mars [1519].','1519','03','06','1519-03-06',0,'1519','03','06','1519-03-06','6 mars [1519]',1,0,0,'paris_FR_gid_2988507','Paris',0,0,'leuven_BE_gid_2792482','[Leuven or Mecheln?]',1,0,'latin','familiar letter','letter_1_to_1',NULL),('era_cwe_929','27 [Gueudet] // 27 [Delaruelle] // 929 [CWE]','c0b89c75-45b8-4b04-bfd7-25bfe9ed040b','Guillaume Budé',0,0,'17c580aa-3ba7-4851-8f26-9b3a0ebeadbf','Erasme',0,0,'*27 A Erasme, Paris, 19 mars [1519].','1519','03','19','1519-03-19',0,'1519','03','19','1519-03-19','19 mars [1519]',1,0,0,'paris_FR_gid_2988507','Paris',0,0,'mechelen_BE_gid_2791537','[Mechelen]',1,0,'latin','familiar letter','letter_1_to_1',NULL),('era_cwe_930','930 [CWE]','17c580aa-3ba7-4851-8f26-9b3a0ebeadbf','Erasmus of Rotterdam',0,0,'c0b89c75-45b8-4b04-bfd7-25bfe9ed040b','Guillaume Budé',0,0,'930 To Guillaume Budé Mechelen, 21 March 1519 [CWE]','1519','03','21','1519-03-21',0,'1519','03','21','1519-03-21','21 March 1519 [CWE]',0,0,0,'mechelen_BE_gid_2791537','Mechelen',0,0,'paris_FR_gid_2988507','[Paris]',1,0,'latin','familiar letter','letter_1_to_1',NULL),('era_cwe_954','954 [CWE]','17c580aa-3ba7-4851-8f26-9b3a0ebeadbf','Erasmus of Rotterdam',0,0,'c0b89c75-45b8-4b04-bfd7-25bfe9ed040b','Guillaume Budé',0,0,'954 To Guillaume Budé [Louvain, April] 1519 [CWE]','1519','04',NULL,'1519-04-01',1,'1519','04',NULL,'1519-04-30','[April] 1519 [CWE]',1,0,0,'leuven_BE_gid_2792482','[Louvain]',1,0,'paris_FR_gid_2988507','[Paris]',1,0,'latin','familiar letter','letter_1_to_1',NULL),('era_cwe_987','33 [Gueudet] // 33 [Delaruelle] // 987 [CWE]','c0b89c75-45b8-4b04-bfd7-25bfe9ed040b','Guillaume Budé',0,0,'17c580aa-3ba7-4851-8f26-9b3a0ebeadbf','Erasme',0,0,'*33 A Erasme, Paris, 10 juin [1519].','1519','06','10','1519-06-10',0,'1519','06','10','1519-06-10','10 juin [1519]',1,0,0,'paris_FR_gid_2988507','Paris',0,0,'leuven_BE_gid_2792482','[Leuven]',1,0,'latin','familiar letter','letter_1_to_1',NULL),('era_cwe_992','35 [Gueudet] // 35 [Delaruelle] // 992 [CWE]','c0b89c75-45b8-4b04-bfd7-25bfe9ed040b','Guillaume Budé',0,0,'17c580aa-3ba7-4851-8f26-9b3a0ebeadbf','Erasme',0,0,'*35 A Erasme, Paris, 30 juin [1519].','1519','06','30','1519-06-30',0,'1519','06','30','1519-06-30','30 juin [1519]',1,0,0,'paris_FR_gid_2988507','Paris',0,0,'leuven_BE_gid_2792482','[Leuven]',1,0,'latin','familiar letter','letter_1_to_1',NULL),('gbudé_ck_0_3a','0-3a [CK]','cf3972c3-9700-467a-be0e-d8b2ed95486c','Jacques Lefèvre d\'Etaples',0,0,'c0b89c75-45b8-4b04-bfd7-25bfe9ed040b','Guillaume Budé',0,0,'*0-3a From Jacques Lefèvre d\'Etaples, Paris, 1 October 1505 .','1505','10','01','1505-10-01',0,'1505','10','01','1505-10-01','1 October 1505',0,0,0,'paris_FR_gid_2988507','Paris',0,0,'unknown_location_XX_gid_unknown','[Unknown Location]',1,0,'latin','preaftory letter','letter_1_to_1',NULL),('gbudé_gueudet_0_1','0-1 [Gueudet]','c0b89c75-45b8-4b04-bfd7-25bfe9ed040b','Guillaume Budé',0,0,'787d6f65-20ca-43cb-bd8a-2771033d9cf4','Germain de Ganay',0,0,'*0-1 A Germain de Ganay, Paris, 1er janvier 1503 n.s.','1503','01','01','1503-01-01',0,'1503','01','01','1503-01-01','1er janvier 1503 n.s.',0,0,0,'paris_FR_gid_2988507','Paris',0,0,'paris_FR_gid_2988507','[Paris]',1,0,'latin','dedicatory letter','letter_1_to_1',NULL),('gbudé_gueudet_0_2','0-2 [Gueudet]','c0b89c75-45b8-4b04-bfd7-25bfe9ed040b','Guillaume Budé',0,0,'caaa7a02-5d35-41ef-bf54-fd37661dca81','Pierre de Courthardy',0,0,'*0-2 A Pierre de Courthardy, Paris, 18 août 1503 n.s.','1503','08','18','1503-08-18',0,'1503','08','18','1503-08-18','18 août 1503 n.s.',0,0,0,'paris_FR_gid_2988507','Paris',0,0,'paris_FR_gid_2988507','[Paris]',1,0,'latin','dedicatory letter','letter_1_to_1',NULL),('gbudé_gueudet_0_3','0-3 [Gueudet]','c0b89c75-45b8-4b04-bfd7-25bfe9ed040b','Guillaume Budé',0,0,'95a7c0a6-f582-4b68-b2d5-6fe4f238fb08','Pape Jules II',0,0,'*0-3 Au Pape Jules II, Rome, 1er mai 1505.','1505','05','01','1505-05-01',0,'1505','05','01','1505-05-01','1er mai 1505',0,0,0,'rome_IT_gid_3169070','Rome',0,0,'rome_IT_gid_3169070','[Rome]',1,0,'latin','dedicatory letter','letter_1_to_1',NULL),('gbudé_gueudet_0_4','0-4 [Gueudet]','c0b89c75-45b8-4b04-bfd7-25bfe9ed040b','Guillaume Budé',0,0,'56da5dc0-f25a-4437-9bbe-32f44d4dbce1','Gaillard Ruzé',0,0,'*0-4 A Gaillard Ruzé, s.l.n.d. [avant le 15 octobre 1505]','1505',NULL,NULL,'1505-01-01',1,'1505','10','14','1505-10-14','n.d. [avant le 15 octobre 1505]',1,0,0,'unknown_location_XX_gid_unknown','s.l.',0,1,'unknown_location_in_france_FR_gid_unknown','[Unknown Location in France]',1,0,'latin','dedicatory letter','letter_1_to_1',NULL),('gbudé_gueudet_0_5','0-5 [Gueudet]','c0b89c75-45b8-4b04-bfd7-25bfe9ed040b','Guillaume Budé',0,0,'eee85c56-9df9-4bd4-ac80-cbca53d34f1f','Jean de Ganay',0,0,'*0-54 A Jean de Ganay, Paris, 4 novembre 1508','1508','11','04','1508-11-04',0,'1508','11','04','1508-11-04','4 novembre 1508',0,0,0,'paris_FR_gid_2988507','Paris',0,1,'unknown_location_in_france_FR_gid_unknown','[Unknown Location in France]',1,0,'latin','dedicatory letter','letter_1_to_1',NULL),('gbudé_gueudet_1','1 [Gueudet] // 1 [Delaruelle] // 26 [Lavois/Galibois]','c0b89c75-45b8-4b04-bfd7-25bfe9ed040b','Guillaume Budé',0,0,'fa8b4f44-551f-4cc6-a4f7-d5fb957064ae','Jean Lascaris',0,0,'*1 A Jean Lascaris, Paris, 14 mars [1510]. Lettre grecque','1510','03','14','1510-03-14',0,'1510','03','14','1510-03-14','14 mars [1510]',1,0,0,'paris_FR_gid_2988507','Paris',0,0,'milano_IT_gid_3173435','[Milan]',1,0,'greek','familiar letter','letter_1_to_1',NULL),('gbudé_gueudet_10','10 [Gueudet] // 10 [Delaruelle]','c0b89c75-45b8-4b04-bfd7-25bfe9ed040b','Guillaume Budé',0,0,'323b3987-6b7c-4bbd-853b-abe1dd1f85dd','Thomas Linacre',0,0,'10 A Thomas Linacre, Paris, 10 juillet [1517].','1517','07','10','1517-07-10',0,'1517','07','10','1517-07-10','10 juillet [1517]',1,0,0,'paris_FR_gid_2988507','Paris',0,0,'london_GB_gid_2643743','[London]',1,0,'latin','familiar letter','letter_1_to_1',NULL),('gbudé_gueudet_100','100 [Gueudet] // 100 [Delaruelle]','c0b89c75-45b8-4b04-bfd7-25bfe9ed040b','Guillaume Budé',0,0,'8ad99d13-2ff3-4b64-b5aa-253a2613dc74','Jean Dobneck, dit Cochlaeus',0,0,'100 A Jean Dobneck, dit Cochlaeus, Dijon, 9 juin 1521.','1521','06','09','1521-06-09',0,'1521','06','09','1521-06-09','9 juin 1521',0,0,0,'dijon_FR_gid_3021372','Dijon',0,0,'frankfurt_am_main_DE_gid_2925533','[Frankfurt am Main]',1,0,'latin','familiar letter','letter_1_to_1',NULL),('gbudé_gueudet_101','101 [Gueudet] // 101 [Delaruelle]','c0b89c75-45b8-4b04-bfd7-25bfe9ed040b','Guillaume Budé',0,0,'13a45c10-f345-45b9-a0c9-4567a8d4216a','J. Salmon Macrin',0,0,'101 A J. Salmon Macrin, Dijon, 12 juin [1521]','1521','06','12','1521-06-12',0,'1521','06','12','1521-06-12','12 juin [1521]',1,0,0,'dijon_FR_gid_3021372','Dijon',0,0,'unknown_location_in_france_FR_gid_unknown','[Unknown Location in France]',1,0,'latin','familiar letter','letter_1_to_1',NULL),('gbudé_gueudet_102','102 [Gueudet] // 102 [Delaruelle] // 30 [Lavois/Galibois]','c0b89c75-45b8-4b04-bfd7-25bfe9ed040b','Guillaume Budé',0,0,'fa8b4f44-551f-4cc6-a4f7-d5fb957064ae','J. Lascaris',0,0,'102 A J. Lascaris, Dijon, 12 juin 1521. Lettre grecque.','1521','06','12','1521-06-12',0,'1521','06','12','1521-06-12','12 juin 1521',0,0,0,'dijon_FR_gid_3021372','Dijon',0,0,'unknown_location_in_italy_IT_gid_unknown','[Unknown Location in Italy]',1,0,'greek','familiar letter','letter_1_to_1',NULL),('gbudé_gueudet_102_1','102-1 [Gueudet] // 134 [Delaruelle] // 53 [Lavois/Galibois]','c0b89c75-45b8-4b04-bfd7-25bfe9ed040b','Guillaume Budé',0,0,'0462ba32-d306-4286-9c4f-2bb98438fa01','AG. du Maine',0,0,'102-1 AG. du Maine, s.l.n.d. [mai-juin 1521]. Lettre grecque.','1521','05',NULL,'1521-05-01',1,'1521','06',NULL,'1521-06-30','n.d. [mai-juin 1521]',1,0,0,'unknown_location_in_france_FR_gid_unknown','s.l.',0,0,'paris_FR_gid_2988507','[Paris]',1,0,'greek','familiar letter','letter_1_to_1',NULL),('gbudé_gueudet_103','103 [Gueudet] // 103 [Delaruelle] // 10 [Lavois/Galibois]','c0b89c75-45b8-4b04-bfd7-25bfe9ed040b','Guillaume Budé',0,0,'4de6dad8-84ae-4acd-9b76-0e2064602f71','G. de Brie',0,0,'103 A G. de Brie, Dijon, 18 juin 1521. Lettre grecque.','1521','06','18','1521-06-18',0,'1521','06','18','1521-06-18','18 juin 1521',0,0,0,'dijon_FR_gid_3021372','Dijon',0,0,'paris_FR_gid_2988507','[Paris]',1,0,'greek','familiar letter','letter_1_to_1',NULL),('gbudé_gueudet_104','104 [Gueudet] // 104 [Delaruelle] // 11 [Lavois/Galibois]','c0b89c75-45b8-4b04-bfd7-25bfe9ed040b','Guillaume Budé',0,0,'4de6dad8-84ae-4acd-9b76-0e2064602f71','G. de Brie',0,0,'104 A G. de Brie, Dijon, 19 juin 1521. Lettre grecque.','1521','06','19','1521-06-19',0,'1521','06','19','1521-06-19','19 juin 1521',0,0,0,'dijon_FR_gid_3021372','Dijon',0,0,'paris_FR_gid_2988507','[Paris]',1,0,'greek','familiar letter','letter_1_to_1',NULL),('gbudé_gueudet_105','105 [Gueudet] // 105 [Delaruelle]','c0b89c75-45b8-4b04-bfd7-25bfe9ed040b','Guillaume Budé',0,0,'858be5f4-ac10-4173-9b0c-b6946b10bf7b','Jacques Budé, son frère',0,0,'105 A Jacques Budé, son frère, Dijon, 21 juin [1521].','1521','06','21','1521-06-21',0,'1521','06','21','1521-06-21','21 juin [1521]',1,0,0,'dijon_FR_gid_3021372','Dijon',0,0,'noyon_FR_gid_2989877','[Noyon]',1,0,'latin','familiar letter','letter_1_to_1',NULL),('gbudé_gueudet_105_1','105-1 [Gueudet] // 97 [Delaruelle] // 71 [Lavois/Galibois]','c0b89c75-45b8-4b04-bfd7-25bfe9ed040b','Guillaume Budé',0,0,'829707c3-cf20-4f7f-8372-1e764b91a566','Cl. Robertet',0,0,'105-1 A Cl. Robertet, Dijon, 26 juin [1521].','1521','06','26','1521-06-26',0,'1521','06','26','1521-06-26','26 juin [1521]',1,0,0,'dijon_FR_gid_3021372','Dijon',0,0,'unknown_location_in_france_FR_gid_unknown','[Unknown Location in France]',1,0,'latin','familiar letter','letter_1_to_1',NULL),('gbudé_gueudet_106','106 [Gueudet] // 106 [Delaruelle] // 72 [Lavois/Galibois]','c0b89c75-45b8-4b04-bfd7-25bfe9ed040b','Guillaume Budé',0,0,'6ed9da12-5a86-41ff-ab80-4d849a377bb6','Fr. Robertet',0,0,'106 A Fr. Robertet, Dijon, 26 juin [1521]. Lettre grecque.','1521','06','26','1521-06-26',0,'1521','06','26','1521-06-26','26 juin [1521]',1,0,0,'dijon_FR_gid_3021372','Dijon',0,0,'unknown_location_in_france_FR_gid_unknown','[Unknown Location in France]',1,0,'greek','familiar letter','letter_1_to_1',NULL),('gbudé_gueudet_107','107 [Gueudet] // 107 [Delaruelle]','c0b89c75-45b8-4b04-bfd7-25bfe9ed040b','Guillaume Budé',0,0,'a5f0ec00-9ab8-4195-99fa-3bdeb77e082c','L. Ruzé',0,0,'107 A L. Ruzé, Nuits en Bourgogne, 1er juillet [1521].','1521','07','01','1521-07-01',0,'1521','07','01','1521-07-01','1er juillet [1521]',1,0,0,'nuits_saint_georges_FR_gid_2989837','Nuits en Bourgogne',0,0,'paris_FR_gid_2988507','[Paris]',1,0,'latin','familiar letter','letter_1_to_1',NULL),('gbudé_gueudet_108','108 [Gueudet] // 108 [Delaruelle]','c0b89c75-45b8-4b04-bfd7-25bfe9ed040b','Guillaume Budé',0,0,'b685896b-0987-4f43-8d24-a92aee969718','J. Le Picart',0,0,'108 A J. Le Picart, Dijon, 16 juillet [1521].','1521','07','16','1521-07-16',0,'1521','07','16','1521-07-16','16 juillet [1521]',1,0,0,'dijon_FR_gid_3021372','Dijon',0,0,'paris_FR_gid_2988507','[Paris]',1,0,'latin','familiar letter','letter_1_to_1',NULL),('gbudé_gueudet_109','109 [Gueudet] // 109 [Delaruelle]','c0b89c75-45b8-4b04-bfd7-25bfe9ed040b','Guillaume Budé',0,0,'635efa65-8a00-4be1-918c-cf2bb937521b','Jean Calvet',0,0,'109 A Jean Calvet, Dijon, 23 juillet 1521.','1521','07','23','1521-07-23',0,'1521','07','23','1521-07-23','23 juillet 1521',0,0,0,'dijon_FR_gid_3021372','Dijon',0,0,'unknown_location_in_france_FR_gid_unknown','[Unknown Location in France]',1,0,'latin','familiar letter','letter_1_to_1',NULL),('gbudé_gueudet_110','110 [Gueudet] // 110 [Delaruelle] // 54 [Lavois/Galibois]','c0b89c75-45b8-4b04-bfd7-25bfe9ed040b','Guillaume Budé',0,0,'0462ba32-d306-4286-9c4f-2bb98438fa01','G. du Maine',0,0,'110 A G. du Maine, Autun, 9 août [1521]. Lettre grecque.','1521','08','09','1521-08-09',0,'1521','08','09','1521-08-09','9 août [1521]',1,0,0,'autun_FR_gid_3035883','Autun',0,0,'paris_FR_gid_2988507','[Paris]',1,0,'greek','familiar letter','letter_1_to_1',NULL),('gbudé_gueudet_111','111 [Gueudet] // 111 [Delaruelle] // 23 [Lavois/Galibois]','c0b89c75-45b8-4b04-bfd7-25bfe9ed040b','Guillaume Budé',0,0,'2f9f4670-36d3-478b-9348-6b4cd90dde8d','P. Lamy',0,0,'111 A P. Lamy, Autun, 14 août [1521]. Lettre grecque.','1521','08','14','1521-08-14',0,'1521','08','14','1521-08-14','14 août [1521]',1,0,0,'autun_FR_gid_3035883','Autun',0,0,'fontenay_le_comte_FR_gid_3017921','[Fontenay-le-Comte]',1,0,'greek','familiar letter','letter_1_to_1',NULL),('gbudé_gueudet_112','112 [Gueudet] // 112 [Delaruelle] // 60 [Lavois/Galibois]','c0b89c75-45b8-4b04-bfd7-25bfe9ed040b','Guillaume Budé',0,0,'2dfc5a19-66c1-4672-8d24-cc56e96b8a17','Philecoos [Peut-être Germain de Brie, selon Lavoie]',1,1,'112 A Philecoos, Troyes, 28 août 1521. Lettre grecque. [Peut-être Germain de Brie, selon Lavoie]','1521','08','28','1521-08-28',0,'1521','08','28','1521-08-28','28 août 1521',0,0,0,'troyes_FR_gid_2971549','Troyes',0,0,'unknown_location_XX_gid_unknown','[Unknown Location]',1,0,'greek','familiar letter','letter_1_to_1',NULL),('gbudé_gueudet_113','113 [Gueudet] // 113 [Delaruelle] // 55 [Lavois/Galibois]','c0b89c75-45b8-4b04-bfd7-25bfe9ed040b','Guillaume Budé',0,0,'0462ba32-d306-4286-9c4f-2bb98438fa01','G. du Maine',0,0,'113 A G. du Maine, Troyes, 30 août [1521]. Lettre grecque.','1521','08','30','1521-08-30',0,'1521','08','30','1521-08-30','30 août [1521]',1,0,0,'troyes_FR_gid_2971549','Troyes',0,0,'paris_FR_gid_2988507','[Paris]',1,0,'greek','familiar letter','letter_1_to_1',NULL),('gbudé_gueudet_114ck1','114 [Gueudet] // 114 [Delaruelle] // 73 [Lavois/Galibois]','c0b89c75-45b8-4b04-bfd7-25bfe9ed040b','Guillaume Budé',0,0,'829707c3-cf20-4f7f-8372-1e764b91a566','Claude Robertet',0,0,'114 A Cl. et Fr. Robertet, Troyes, 2 septembre 1521. Lettre grecque.','1521','09','02','1521-09-02',0,'1521','09','02','1521-09-02','2 septembre 1521',0,0,0,'troyes_FR_gid_2971549','Troyes',0,0,'unknown_location_in_france_FR_gid_unknown','[Unknown Location in France]',1,0,'greek','familiar letter','letter_1_to_n',NULL),('gbudé_gueudet_114ck2','114 [Gueudet] // 114 [Delaruelle] // 73 [Lavois/Galibois]','c0b89c75-45b8-4b04-bfd7-25bfe9ed040b','Guillaume Budé',0,0,'6ed9da12-5a86-41ff-ab80-4d849a377bb6','François Robertet',0,0,'114 A Cl. et Fr. Robertet, Troyes, 2 septembre 1521. Lettre grecque.','1521','09','02','1521-09-02',0,'1521','09','02','1521-09-02','2 septembre 1521',0,0,0,'troyes_FR_gid_2971549','Troyes',0,0,'unknown_location_in_france_FR_gid_unknown','[Unknown Location in France]',1,0,'greek','familiar letter','letter_1_to_n',NULL),('gbudé_gueudet_115','115 [Gueudet] // 115 [Delaruelle] // 12 [Lavois/Galibois]','c0b89c75-45b8-4b04-bfd7-25bfe9ed040b','Guillaume Budé',0,0,'4de6dad8-84ae-4acd-9b76-0e2064602f71','G. de Brie',0,0,'115 A G. de Brie, Troyes, 2 septembre [1521].','1521','09','02','1521-09-02',0,'1521','09','02','1521-09-02','2 septembre [1521]',1,0,0,'troyes_FR_gid_2971549','Troyes',0,0,'paris_FR_gid_2988507','[Paris]',1,0,'greek','familiar letter','letter_1_to_1',NULL),('gbudé_gueudet_116','116 [Gueudet] // 116 [Delaruelle] // 31 [Lavois/Galibois]','c0b89c75-45b8-4b04-bfd7-25bfe9ed040b','Guillaume Budé',0,0,'fa8b4f44-551f-4cc6-a4f7-d5fb957064ae','J. Lascaris',0,0,'116 A J. Lascaris, Troyes, 9 septembre [1521]. Lettre grecque.','1521','09','09','1521-09-09',0,'1521','09','09','1521-09-09','9 septembre [1521]',1,0,0,'troyes_FR_gid_2971549','Troyes',0,0,'unknown_location_in_italy_IT_gid_unknown','[Unknown Location in Italy]',1,0,'greek','familiar letter','letter_1_to_1',NULL),('gbudé_gueudet_117','117 [Gueudet] // 117 [Delaruelle] // 32 [Lavois/Galibois]','c0b89c75-45b8-4b04-bfd7-25bfe9ed040b','Guillaume Budé',0,0,'fa8b4f44-551f-4cc6-a4f7-d5fb957064ae','Philetaire [probablement Lascaris, selon Lavoie]',1,1,'117 A Philetaire, Troyes, 14 septembre [1521]. Lettre grecque. [probablement Lascaris, selon Lavoie]','1521','09','14','1521-09-14',0,'1521','09','14','1521-09-14','14 septembre [1521]',1,0,0,'troyes_FR_gid_2971549','Troyes',0,0,'unknown_location_in_italy_IT_gid_unknown','[Unknown Location in Italy]',1,0,'greek','familiar letter','letter_1_to_1',NULL),('gbudé_gueudet_118','118 [Gueudet] // 118 [Delaruelle]','c0b89c75-45b8-4b04-bfd7-25bfe9ed040b','Guillaume Budé',0,0,'10f58e5e-e43a-405e-901a-3633cbf82bc9','F. Deloynes',0,0,'118 A F. Deloynes, près de Reims, 12 septembre [1521].','1521','09','12','1521-09-12',0,'1521','09','12','1521-09-12','12 septembre [1521]',1,0,0,'reims_FR_gid_2984114','près de Reims',0,0,'paris_FR_gid_2988507','[Paris]',1,0,'latin','familiar letter','letter_1_to_1',NULL),('gbudé_gueudet_119','119 [Gueudet] // 119 [Delaruelle] // 61 [Lavois/Galibois]','c0b89c75-45b8-4b04-bfd7-25bfe9ed040b','Guillaume Budé',0,0,'2dfc5a19-66c1-4672-8d24-cc56e96b8a17','Philecoos',0,0,'119 A Philecoos, s.l., 21 septembre [1521]. Lettre grecque.','1521','09','21','1521-09-21',0,'1521','09','21','1521-09-21','21 septembre [1521]',1,0,0,'saint_thierry_FR_gid_2976774','s.l.',0,0,'unknown_location_XX_gid_unknown','[Unknown Location]',1,0,'greek','familiar letter','letter_1_to_1',NULL),('gbudé_gueudet_12','12 [Gueudet] // 12 [Delaruelle]','c0b89c75-45b8-4b04-bfd7-25bfe9ed040b','Guillaume Budé',0,0,'fca3ef2d-681d-49ff-b700-1929e91f81a1','Thomas Lupset',0,0,'*12 A Thomas Lupset, Paris, 31 juillet [1517].','1517','07','31','1517-07-31',0,'1517','07','31','1517-07-31','31 juillet [1517]',1,0,0,'paris_FR_gid_2988507','Paris',0,0,'london_GB_gid_2643743','[London]',1,0,'latin','prefatory letter','letter_1_to_1',NULL),('gbudé_gueudet_120','120 [Gueudet] // 120 [Delaruelle]','c0b89c75-45b8-4b04-bfd7-25bfe9ed040b','Guillaume Budé',0,0,'b685896b-0987-4f43-8d24-a92aee969718','J. Le Picart',0,0,'120 A J. Le Picart, près de Reims, 24 septembre [1521].','1521','09','24','1521-09-24',0,'1521','09','24','1521-09-24','24 septembre [1521]',1,0,0,'reims_FR_gid_2984114','près de Reims',0,0,'paris_FR_gid_2988507','[Paris]',1,0,'latin','familiar letter','letter_1_to_1',NULL),('gbudé_gueudet_121','121 [Gueudet] // 121 [Delaruelle] // 62 [Lavois/Galibois]','c0b89c75-45b8-4b04-bfd7-25bfe9ed040b','Guillaume Budé',0,0,'2dfc5a19-66c1-4672-8d24-cc56e96b8a17','Philecoos',0,0,'121 A Philecoos, à la cour, 2 octobre [1521]. Lettre grecque.','1521','10','02','1521-10-02',0,'1521','10','02','1521-10-02','2 octobre [1521]',1,0,0,'pontfaverger_moronvilliers_FR_gid_2986186','à la cour',0,0,'unknown_location_XX_gid_unknown','[Unknown Location]',1,0,'greek','familiar letter','letter_1_to_1',NULL),('gbudé_gueudet_122','122 [Gueudet] // 122 [Delaruelle] // 56 [Lavois/Galibois]','c0b89c75-45b8-4b04-bfd7-25bfe9ed040b','Guillaume Budé',0,0,'0462ba32-d306-4286-9c4f-2bb98438fa01','G. du Maine',0,0,'122 A G. du Maine, s.l.n.d. [premiers jours d\'octobre 1521]. Lettre grecque. [fin septembre, selon Lavoie]','1521','10',NULL,'1521-10-02',1,'1521','10',NULL,'1521-10-10','n.d. [premiers jours d\'octobre 1521] [fin septembre selon Lavoie]',1,0,0,'unknown_location_champagne_ardenne_FR_gid_unknown','s.l.',0,0,'paris_FR_gid_2988507','[Paris]',1,0,'greek','familiar letter','letter_1_to_1',NULL),('gbudé_gueudet_123','123 [Gueudet] // 123 [Delaruelle] // 63 [Lavois/Galibois]','c0b89c75-45b8-4b04-bfd7-25bfe9ed040b','Guillaume Budé',0,0,'2dfc5a19-66c1-4672-8d24-cc56e96b8a17','Philecoos',0,0,'123 A Philecoos, Notre-Dame de Liesse, 10 octobre [1521]. Lettre grecque.','1521','10','10','1521-10-10',0,'1521','10','10','1521-10-10','10 octobre [1521]',1,0,0,'liesse_notre_dame_FR_gid_2998460','Notre-Dame de Liesse',0,0,'unknown_location_XX_gid_unknown','[Unknown Location]',1,0,'greek','familiar letter','letter_1_to_1',NULL),('gbudé_gueudet_124','124 [Gueudet] // 124 [Delaruelle] // 57 [Lavois/Galibois]','c0b89c75-45b8-4b04-bfd7-25bfe9ed040b','Guillaume Budé',0,0,'0462ba32-d306-4286-9c4f-2bb98438fa01','G. du Maine',0,0,'124 A G. du Maine, au camp [Elincourt], 18 octobre [1521]. Lettre grecque.','1521','10','18','1521-10-18',0,'1521','10','18','1521-10-18','18 octobre [1521]',1,0,0,'élincourt_FR_gid_3020293','au camp [Elincourt]',1,0,'paris_FR_gid_2988507','[Paris]',1,0,'greek','familiar letter','letter_1_to_1',NULL),('gbudé_gueudet_125','125 [Gueudet] // 125 [Delaruelle] // 58 [Lavois/Galibois]','c0b89c75-45b8-4b04-bfd7-25bfe9ed040b','Guillaume Budé',0,0,'0462ba32-d306-4286-9c4f-2bb98438fa01','G. du Maine',0,0,'125 A G. du Maine, s.l., 25 octobre [1521]. Lettre grecque. [près de Bauchain, selon Lavoie]','1521','10','25','1521-10-25',0,'1521','10','25','1521-10-25','25 octobre [1521]',1,0,0,'bouchain_FR_gid_3031380','s.l. [prés de Bauchain, selon Lavoie]',1,0,'paris_FR_gid_2988507','[Paris]',1,0,'greek','familiar letter','letter_1_to_1',NULL),('gbudé_gueudet_127','127 [Gueudet] // 127 [Delaruelle] // 64 [Lavois/Galibois]','c0b89c75-45b8-4b04-bfd7-25bfe9ed040b','Guillaume Budé',0,0,'2dfc5a19-66c1-4672-8d24-cc56e96b8a17','Philecoos',0,0,'127 A Philecoos, s.l.n.d. [derniers jours d\'octobre 1521]. Lettre grecque.','1521','10',NULL,'1521-10-20',1,'1521','10',NULL,'1521-10-31','n.d. [derniers jours d\'octobre 1521]',1,0,0,'unknown_location_in_france_FR_gid_unknown','s.l.',0,0,'unknown_location_XX_gid_unknown','[Unknown Location]',1,0,'greek','familiar letter','letter_1_to_1',NULL),('gbudé_gueudet_128','128 [Gueudet] // 128 [Delaruelle] // 65 [Lavois/Galibois]','c0b89c75-45b8-4b04-bfd7-25bfe9ed040b','Guillaume Budé',0,0,'2dfc5a19-66c1-4672-8d24-cc56e96b8a17','Philecoos',0,0,'128 A Philecoos, à la cour, 22 novembre [1521]. Lettre grecque.','1521','11','22','1521-11-22',0,'1521','11','22','1521-11-22','22 novembre [1521]',1,0,0,'unknown_location_picardie_FR_gid_unknown','à la cour',0,0,'unknown_location_XX_gid_unknown','[Unknown Location]',1,0,'greek','familiar letter','letter_1_to_1',NULL),('gbudé_gueudet_128_1','128-1 [Gueudet] // 126 [Delaruelle] // 59 [Lavois/Galibois]','c0b89c75-45b8-4b04-bfd7-25bfe9ed040b','Guillaume Budé',0,0,'0462ba32-d306-4286-9c4f-2bb98438fa01','AG. du Maine',0,0,'128-1 AG. du Maine, Compiègne [26 novembre 1521]. Lettre grecque.','1521','11','26','1521-11-26',0,'1521','11','26','1521-11-26','[26 novembre 1521]',1,0,0,'unknown_location_in_france_FR_gid_unknown','Compiègne',0,0,'paris_FR_gid_2988507','[Paris]',1,0,'greek','familiar letter','letter_1_to_1',NULL),('gbudé_gueudet_129','129 [Gueudet] // 129 [Delaruelle]','c0b89c75-45b8-4b04-bfd7-25bfe9ed040b','Guillaume Budé',0,0,'6c2e096f-f410-425a-959b-da46921b5279','Battista Flisco',0,0,'129 A Battista Flisco, Paris, 13 décembre [1521].','1521','12','13','1521-12-13',0,'1521','12','13','1521-12-13','13 décembre [1521]',1,0,0,'paris_FR_gid_2988507','Paris',0,0,'genoa_IT_gid_3176219','[Genoa]',1,0,'latin','familiar letter','letter_1_to_1',NULL),('gbudé_gueudet_132','132 [Gueudet] // 132 [Delaruelle] // 13 [Lavois/Galibois]','c0b89c75-45b8-4b04-bfd7-25bfe9ed040b','Guillaume Budé',0,0,'4de6dad8-84ae-4acd-9b76-0e2064602f71','G. de Brie',0,0,'132 A G. de Brie, s.l., 13 février [1522].','1522','02','13','1522-02-13',0,'1522','02','13','1522-02-13','13 février [1522]',1,0,0,'unknown_location_in_france_FR_gid_unknown','s.l.',0,0,'paris_FR_gid_2988507','[Paris]',1,0,'greek','familiar letter','letter_1_to_1',NULL),('gbudé_gueudet_135','135 [Gueudet] // 135 [Delaruelle] // 17 [Lavois/Galibois]','c0b89c75-45b8-4b04-bfd7-25bfe9ed040b','Guillaume Budé',0,0,'b959912e-4628-4219-b2c6-472f1a0b43f2','Pierre Gilles',0,0,'135 A Pierre Gilles, s.l.n.d. Lettre grecque. [entre août 1520 et mars 1522 selon Lavoie]','1520','08',NULL,'1520-08-01',1,'1522','03',NULL,'1522-03-31','n.d. [entre août 1520 et mars 1522 selon Lavoie]',1,0,0,'unknown_location_in_france_FR_gid_unknown','s.l.',0,0,'unknown_location_XX_gid_unknown','[Unknown Location]',1,0,'greek','familiar letter','letter_1_to_1','the date range for this letter is established by its inclusion in the Posteriores, cf. Budé lettres grecques, p 103'),('gbudé_gueudet_136','136 [Gueudet] // 136 [Delaruelle]','c0b89c75-45b8-4b04-bfd7-25bfe9ed040b','Guillaume Budé',0,0,'aaa102d1-a010-42df-ab19-a6f44c44933b','Jean Budé, son neveu',0,0,'136 A Jean Budé, son neveu, Lyon, 24 avril [1522].','1522','04','24','1522-04-24',0,'1522','04','24','1522-04-24','24 avril [1522]',1,0,0,'lyon_FR_gid_2996944','Lyon',0,0,'padova_IT_gid_3171728','[Padua]',1,0,'latin','familiar letter','letter_1_to_1',NULL),('gbudé_gueudet_137','137 [Gueudet] // 137 [Delaruelle] // 74 [Lavois/Galibois]','c0b89c75-45b8-4b04-bfd7-25bfe9ed040b','Guillaume Budé',0,0,'829707c3-cf20-4f7f-8372-1e764b91a566','Cl. Robertet',0,0,'137 A Cl. Robertet, Lyon, 5 juin [1522]. Lettre grecque.','1522','06','05','1522-06-05',0,'1522','06','05','1522-06-05','5 juin [1522]',1,0,0,'lyon_FR_gid_2996944','Lyon',0,0,'unknown_location_in_france_FR_gid_unknown','[Unknown Location in France]',1,0,'greek','familiar letter','letter_1_to_1',NULL),('gbudé_gueudet_138','138 [Gueudet] // 138 [Delaruelle] // 75 [Lavois/Galibois]','c0b89c75-45b8-4b04-bfd7-25bfe9ed040b','Guillaume Budé',0,0,'6ed9da12-5a86-41ff-ab80-4d849a377bb6','Fr. Robertet',0,0,'138 A Fr. Robertet, Lyon, 5 juin [1522]. Lettre grecque.','1522','06','05','1522-06-05',0,'1522','06','05','1522-06-05','5 juin [1522]',1,0,0,'lyon_FR_gid_2996944','Lyon',0,0,'unknown_location_in_france_FR_gid_unknown','[Unknown Location in France]',1,0,'greek','familiar letter','letter_1_to_1',NULL),('gbudé_gueudet_139_1','139-1 [Gueudet] // 170 [Delaruelle]','c0b89c75-45b8-4b04-bfd7-25bfe9ed040b','Guillaume Budé',0,0,'8cfb9559-d2a4-4fed-b8e1-4e1152da25d1','Olivier de Lyon',0,0,'139-1 A Olivier de Lyon, s.l.n.d. [antérieur au 20 février 1523].','1523',NULL,NULL,'1523-01-01',1,'1523',NULL,NULL,'1523-02-19','n.d. [antérieur au 20 février 1523]',1,0,0,'unknown_location_in_france_FR_gid_unknown','s.l.',0,0,'unknown_location_in_france_FR_gid_unknown','[Unknown Location in France]',1,0,'latin','familiar letter','letter_1_to_1',NULL),('gbudé_gueudet_143','143 [Gueudet] // 143 [Delaruelle] // 33 [Lavois/Galibois]','c0b89c75-45b8-4b04-bfd7-25bfe9ed040b','Guillaume Budé',0,0,'fa8b4f44-551f-4cc6-a4f7-d5fb957064ae','J. Lascaris',0,0,'143 A J. Lascaris, Saint-Germain, 5 mai [1523]. Lettre grecque.','1523','05','05','1523-05-05',0,'1523','05','05','1523-05-05','5 mai [1523]',1,0,0,'saint_germain_en_laye_FR_gid_2979783','Saint-Germain',0,0,'unknown_location_in_italy_IT_gid_unknown','[Unknown Location in Italy]',1,0,'greek','familiar letter','letter_1_to_1',NULL),('gbudé_gueudet_144','144 [Gueudet] // 144 [Delaruelle] // 76 [Lavois/Galibois]','c0b89c75-45b8-4b04-bfd7-25bfe9ed040b','Guillaume Budé',0,0,'6ed9da12-5a86-41ff-ab80-4d849a377bb6','Fr. Robertet',0,0,'144 A Fr. Robertet, Saint-Germain, 5 mai [1523]. Lettre grecque.','1523','05','05','1523-05-05',0,'1523','05','05','1523-05-05','5 mai [1523]',1,0,0,'saint_germain_en_laye_FR_gid_2979783','Saint-Germain',0,0,'unknown_location_in_france_FR_gid_unknown','[Unknown Location in France]',1,0,'greek','familiar letter','letter_1_to_1',NULL),('gbudé_gueudet_145','145 [Gueudet] // 145 [Delaruelle] // 77 [Lavois/Galibois]','c0b89c75-45b8-4b04-bfd7-25bfe9ed040b','Guillaume Budé',0,0,'829707c3-cf20-4f7f-8372-1e764b91a566','Cl. Robertet',0,0,'145 A Cl. Robertet, Saint-Germain, 7 mai [1523]. Lettre grecque.','1523','05','07','1523-05-07',0,'1523','05','07','1523-05-07','7 mai [1523]',1,0,0,'saint_germain_en_laye_FR_gid_2979783','Saint-Germain',0,0,'unknown_location_in_france_FR_gid_unknown','[Unknown Location in France]',1,0,'greek','familiar letter','letter_1_to_1',NULL),('gbudé_gueudet_146','146 [Gueudet] // 146 [Delaruelle] // 19 [Lavois/Galibois]','c0b89c75-45b8-4b04-bfd7-25bfe9ed040b','Guillaume Budé',0,0,'58ee45dd-3103-4bb1-a3a8-6bc8a4b4fbb6','Jean de La Forest',0,0,'146 A Jean de La Forest, Lyon, 20 septembre [1523]. Lettre grecque.','1523','09','20','1523-09-20',0,'1523','09','20','1523-09-20','20 septembre [1523]',1,0,0,'lyon_FR_gid_2996944','Lyon',0,0,'florence_IT_gid_3176959','[Florence]',1,0,'greek','familiar letter','letter_1_to_1',NULL),('gbudé_gueudet_146_1','146-1 [Gueudet] // 141 [Delaruelle] // 68 [Lavois/Galibois]','c0b89c75-45b8-4b04-bfd7-25bfe9ed040b','Guillaume Budé',0,0,'08bc2797-a901-4407-8c0d-e39b72becf3f','Rabelais',0,0,'146-1 A Rabelais, Paris, 27 janvier [1524]. Lettre grecque.','1524','01','27','1524-01-27',0,'1524','01','27','1524-01-27','27 janvier [1524]',1,0,0,'paris_FR_gid_2988507','Paris',0,0,'fontenay_le_comte_FR_gid_3017921','[Fontenay-le-Comte]',1,0,'greek','familiar letter','letter_1_to_1',NULL),('gbudé_gueudet_146_2','146-2 [Gueudet] // 142 [Delaruelle] // 24 [Lavois/Galibois]','c0b89c75-45b8-4b04-bfd7-25bfe9ed040b','Guillaume Budé',0,0,'2f9f4670-36d3-478b-9348-6b4cd90dde8d','P. Lamy',0,0,'146-2 A P. Lamy, Paris, 24 février [1524]. Lettre grecque. [le 25 février, selon Lavoie]','1524','02','24','1524-02-24',0,'1524','02','24','1524-02-24','24 février [1524] [le 25 février, selon Lavoie]',1,0,0,'paris_FR_gid_2988507','Paris',0,0,'fontenay_le_comte_FR_gid_3017921','[Fontenay-le-Comte]',1,0,'greek','familiar letter','letter_1_to_1',NULL),('gbudé_gueudet_146_3','146-3 [Gueudet] // 158 [Delaruelle] // 83 [Lavois/Galibois]','c0b89c75-45b8-4b04-bfd7-25bfe9ed040b','Guillaume Budé',0,0,'6ed9da12-5a86-41ff-ab80-4d849a377bb6','Fr. Robertet',0,0,'146-3 A Fr. Robertet, Paris, 15 mars [1524]. Lettre grecque.','1524','03','15','1524-03-15',0,'1524','03','15','1524-03-15','15 mars [1524]',1,0,0,'paris_FR_gid_2988507','Paris',0,0,'unknown_location_in_france_FR_gid_unknown','[Unknown Location in France]',1,0,'greek','familiar letter','letter_1_to_1',NULL),('gbudé_gueudet_146_4ck1','146-4 [Gueudet] // 159 [Delaruelle] // 84 [Lavois/Galibois]','c0b89c75-45b8-4b04-bfd7-25bfe9ed040b','Guillaume Budé',0,0,'829707c3-cf20-4f7f-8372-1e764b91a566','Claude Robertet',0,0,'146-4 A Cl. et Fr. Robertet, s.l.n.d. [mars 1524 ?]. Lettre grecque. [à dater de 1525 selon Lavoie]','1524','03',NULL,'1524-03-01',1,'1524','03',NULL,'1524-03-31','n.d. [mars 1524 ?] [à dater de 1525 selon Lavoie]',1,0,1,'paris_FR_gid_2988507','s.l.',0,0,'unknown_location_in_france_FR_gid_unknown','[Unknown Location in France]',1,0,'greek','familiar letter','letter_1_to_n',NULL),('gbudé_gueudet_146_4ck2','146-4 [Gueudet] // 159 [Delaruelle] // 84 [Lavois/Galibois]','c0b89c75-45b8-4b04-bfd7-25bfe9ed040b','Guillaume Budé',0,0,'6ed9da12-5a86-41ff-ab80-4d849a377bb6','François Robertet',0,0,'146-4 A Cl. et Fr. Robertet, s.l.n.d. [mars 1524 ?]. Lettre grecque. [à dater de 1525 selon Lavoie]','1524','03',NULL,'1524-03-01',1,'1524','03',NULL,'1524-03-31','n.d. [mars 1524 ?] [à dater de 1525 selon Lavoie]',1,0,1,'paris_FR_gid_2988507','s.l.',0,0,'unknown_location_in_france_FR_gid_unknown','[Unknown Location in France]',1,0,'greek','familiar letter','letter_1_to_n',NULL),('gbudé_gueudet_149','149 [Gueudet] // 149 [Delaruelle] // 14 [Lavois/Galibois]','c0b89c75-45b8-4b04-bfd7-25bfe9ed040b','Guillaume Budé',0,0,'4de6dad8-84ae-4acd-9b76-0e2064602f71','G. de Brie',0,0,'149 A G. de Brie, Avignon, 12 septembre [1524]. Lettre grecque.','1524','09','12','1524-09-12',0,'1524','09','12','1524-09-12','12 septembre [1524]',1,0,0,'avignon_FR_gid_3035681','Avignon',0,0,'paris_FR_gid_2988507','[Paris]',1,0,'greek','familiar letter','letter_1_to_1',NULL),('gbudé_gueudet_150','150 [Gueudet] // 150 [Delaruelle] // 35 [Lavois/Galibois]','c0b89c75-45b8-4b04-bfd7-25bfe9ed040b','Guillaume Budé',0,0,'fa8b4f44-551f-4cc6-a4f7-d5fb957064ae','J. Lascaris',0,0,'150 A J. Lascaris, Lyon, 14 octobre [1524]. Lettre grecque.','1524','10','14','1524-10-14',0,'1524','10','14','1524-10-14','14 octobre [1524]',1,0,0,'lyon_FR_gid_2996944','Lyon',0,0,'unknown_location_in_italy_IT_gid_unknown','[Unknown Location in Italy]',1,0,'greek','familiar letter','letter_1_to_1',NULL),('gbudé_gueudet_151','151 [Gueudet] // 151 [Delaruelle] // 78 [Lavois/Galibois]','c0b89c75-45b8-4b04-bfd7-25bfe9ed040b','Guillaume Budé',0,0,'829707c3-cf20-4f7f-8372-1e764b91a566','Cl. Robertet',0,0,'151 A Cl. Robertet, Tournon, 20 octobre [1524]. Lettre grecque.','1524','10','20','1524-10-20',0,'1524','10','20','1524-10-20','20 octobre [1524]',1,0,0,'tournon_sur_rhône_FR_gid_2972214','Tournon',0,0,'unknown_location_in_france_FR_gid_unknown','[Unknown Location in France]',1,0,'greek','familiar letter','letter_1_to_1',NULL),('gbudé_gueudet_152','152 [Gueudet] // 152 [Delaruelle] // 79 [Lavois/Galibois]','c0b89c75-45b8-4b04-bfd7-25bfe9ed040b','Guillaume Budé',0,0,'6ed9da12-5a86-41ff-ab80-4d849a377bb6','Fr. Robertet',0,0,'152 A Fr. Robertet, Tournon, 20 octobre [1524]. Lettre grecque.','1524','10','20','1524-10-20',0,'1524','10','20','1524-10-20','20 octobre [1524]',1,0,0,'tournon_sur_rhône_FR_gid_2972214','Tournon',0,0,'unknown_location_in_france_FR_gid_unknown','[Unknown Location in France]',1,0,'greek','familiar letter','letter_1_to_1',NULL),('gbudé_gueudet_153','153 [Gueudet] // 153 [Delaruelle] // 88 [Lavois/Galibois]','c0b89c75-45b8-4b04-bfd7-25bfe9ed040b','Guillaume Budé',0,0,'47a073b9-cc8e-4ec4-9ab0-b9ba289db498','J. Toussain',0,0,'153 A J. Toussain, Lyon, 16 novembre [1524]. Lettre grecque.','1524','11','16','1524-11-16',0,'1524','11','16','1524-11-16','16 novembre [1524]',1,0,0,'lyon_FR_gid_2996944','Lyon',0,0,'paris_FR_gid_2988507','[Paris]',1,0,'greek','familiar letter','letter_1_to_1',NULL),('gbudé_gueudet_154','154 [Gueudet] // 154 [Delaruelle] // 80 [Lavois/Galibois]','c0b89c75-45b8-4b04-bfd7-25bfe9ed040b','Guillaume Budé',0,0,'6ed9da12-5a86-41ff-ab80-4d849a377bb6','Fr. Robertet',0,0,'154 A Fr. Robertet, Lyon, 9 décembre [1524]. Lettre grecque.','1524','12','09','1524-12-09',0,'1524','12','09','1524-12-09','9 décembre [1524]',1,0,0,'lyon_FR_gid_2996944','Lyon',0,0,'unknown_location_in_france_FR_gid_unknown','[Unknown Location in France]',1,0,'greek','familiar letter','letter_1_to_1',NULL),('gbudé_gueudet_155','155 [Gueudet] // 155 [Delaruelle] // 81 [Lavois/Galibois]','c0b89c75-45b8-4b04-bfd7-25bfe9ed040b','Guillaume Budé',0,0,'829707c3-cf20-4f7f-8372-1e764b91a566','Cl. Robertet',0,0,'155 A Cl. Robertet, Lyon, 9 décembre [1524]. Lettre grecque.','1524','12','09','1524-12-09',0,'1524','12','09','1524-12-09','9 décembre [1524]',1,0,0,'lyon_FR_gid_2996944','Lyon',0,0,'unknown_location_in_france_FR_gid_unknown','[Unknown Location in France]',1,0,'greek','familiar letter','letter_1_to_1',NULL),('gbudé_gueudet_156','156 [Gueudet] // 156 [Delaruelle] // 82 [Lavois/Galibois]','c0b89c75-45b8-4b04-bfd7-25bfe9ed040b','Guillaume Budé',0,0,'6ed9da12-5a86-41ff-ab80-4d849a377bb6','Fr. Robertet',0,0,'156 A Fr. Robertet, Lyon [novembre ou décembre 1524]. Lettre grecque.','1524','11',NULL,'1524-11-01',1,'1524','12',NULL,'1524-12-31','[novembre ou décembre 1524]',1,0,0,'lyon_FR_gid_2996944','Lyon',0,0,'unknown_location_in_france_FR_gid_unknown','[Unknown Location in France]',1,0,'greek','familiar letter','letter_1_to_1',NULL),('gbudé_gueudet_157','157 [Gueudet] // 157 [Delaruelle] // 20 [Lavois/Galibois]','c0b89c75-45b8-4b04-bfd7-25bfe9ed040b','Guillaume Budé',0,0,'58ee45dd-3103-4bb1-a3a8-6bc8a4b4fbb6','J. de La Forest',0,0,'157 A J. de La Forest, Paris, 8 février [1525]. Lettre grecque.','1525','02','08','1525-02-08',0,'1525','02','08','1525-02-08','8 février [1525]',1,0,0,'paris_FR_gid_2988507','Paris',0,0,'unknown_location_XX_gid_unknown','[Unknown Location]',1,0,'greek','familiar letter','letter_1_to_1',NULL),('gbudé_gueudet_159_1','159-1 [Gueudet] // 89 [Lavois/Galibois]','c0b89c75-45b8-4b04-bfd7-25bfe9ed040b','Guillaume Budé',0,0,'47a073b9-cc8e-4ec4-9ab0-b9ba289db498','J. Toussain',0,0,'*159-1 A J. Toussain, s.l., 1er avril 1526. Lettre grecque.','1526','04','01','1526-04-01',0,'1526','04','01','1526-04-01','1er avril 1526',0,0,0,'unknown_location_in_france_FR_gid_unknown','s.l.',0,1,'paris_FR_gid_2988507','[Paris]',1,0,'greek','dedicatory letter','letter_1_to_1',NULL),('gbudé_gueudet_159_2','159-2 [Gueudet]','c0b89c75-45b8-4b04-bfd7-25bfe9ed040b','Guillaume Budé',0,0,'e1cd9007-1400-4ea8-b839-bac9b9a404a4','David Buresius',0,0,'*159-2 A David Buresius, Paris, 25 mai 1526.','1526','05','25','1526-05-25',0,'1526','05','25','1526-05-25','25 mai 1526',0,0,0,'paris_FR_gid_2988507','Paris',0,0,'rouen_FR_gid_2982652','[Rouen :CK]',1,0,'latin','prefatory letter','letter_1_to_1',NULL),('gbudé_gueudet_16','16 [Gueudet] // 16 [Delaruelle]','c0b89c75-45b8-4b04-bfd7-25bfe9ed040b','Guillaume Budé',0,0,'eeb88e60-ea26-4029-9e0c-77a8f3f58e5c','Richard Pace',0,0,'16 A Richard Pace, Paris, 27 avril 1518.','1518','04','27','1518-04-27',0,'1518','04','27','1518-04-27','27 avril 1518',0,0,0,'paris_FR_gid_2988507','Paris',0,0,'unknown_location_XX_gid_unknown','[Unknown Location]',1,0,'latin','familiar letter','letter_1_to_1',NULL),('gbudé_gueudet_160_1','160-1 [Gueudet] // 166 [Delaruelle]','c0b89c75-45b8-4b04-bfd7-25bfe9ed040b','Guillaume Budé',0,0,'f9e11bac-0cae-4e9e-acb8-6b67480b2ad6','Georges d\'Armagnac',0,0,'160-1 A Georges d\'Armagnac, Paris, 23 juin [1527 ou 1528].','1527','06','23','1527-06-23',1,'1528','06','23','1528-06-23','23 juin [1527 ou 1528]',1,0,0,'paris_FR_gid_2988507','Paris',0,0,'rodez_FR_gid_2983154','[Rodez]',1,0,'latin','familiar letter','letter_1_to_1',NULL),('gbudé_gueudet_160_2','160-2 [Gueudet] // 167 [Delaruelle]','c0b89c75-45b8-4b04-bfd7-25bfe9ed040b','Guillaume Budé',0,0,'f9e11bac-0cae-4e9e-acb8-6b67480b2ad6','G. d\'Armagnac',0,0,'160-2 A G. d\'Armagnac, Paris, 1er juillet [1527 ou 1528].','1527','07','01','1527-07-01',1,'1528','07','01','1528-07-01','1er juillet [1527 ou 1528]',1,0,0,'paris_FR_gid_2988507','Paris',0,0,'rodez_FR_gid_2983154','[Rodez]',1,0,'latin','familiar letter','letter_1_to_1',NULL),('gbudé_gueudet_161','161 [Gueudet] // 161 [Delaruelle] // 156 [Rogers]','c0b89c75-45b8-4b04-bfd7-25bfe9ed040b','Guillaume Budé',0,0,'763f4d64-dffb-40eb-bc45-2fde4992223e','Th. More',0,0,'161 A Th. More, Paris, 1er septembre [1527].','1527','09','01','1527-09-01',0,'1527','09','01','1527-09-01','1er septembre [1527]',1,0,0,'paris_FR_gid_2988507','Paris',0,0,'london_GB_gid_2643743','[London]',1,0,'latin','familiar letter','letter_1_to_1',NULL),('gbudé_gueudet_162','162 [Gueudet] // 162 [Delaruelle]','c0b89c75-45b8-4b04-bfd7-25bfe9ed040b','Guillaume Budé',0,0,'96a63010-6201-4f01-a82f-e6108cb30f08','J. Sadolet',0,0,'162 A J. Sadolet, Paris, 21 décembre [1527].','1527','12','21','1527-12-21',0,'1527','12','21','1527-12-21','21 décembre [1527]',1,0,0,'paris_FR_gid_2988507','Paris',0,0,'carpentras_FR_gid_3028542','[Carpentras]',1,0,'latin','familiar letter','letter_1_to_1',NULL),('gbudé_gueudet_163','163 [Gueudet] // 163 [Delaruelle] // 37 [Lavois/Galibois]','c0b89c75-45b8-4b04-bfd7-25bfe9ed040b','Guillaume Budé',0,0,'fa8b4f44-551f-4cc6-a4f7-d5fb957064ae','J. Lascaris',0,0,'163 A J. Lascaris, 1er août 1528. Lettre grecque.','1528','08','01','1528-08-01',0,'1528','08','01','1528-08-01','1er août 1528',0,0,0,'unknown_location_in_france_FR_gid_unknown','[Unknown Location in France]',0,0,'unknown_location_in_france_FR_gid_unknown','[Unknown Location in France]',1,0,'greek','familiar letter','letter_1_to_1',NULL),('gbudé_gueudet_168','168 [Gueudet] // 168 [Delaruelle]','c0b89c75-45b8-4b04-bfd7-25bfe9ed040b','Guillaume Budé',0,0,'5375f20d-1943-4735-b423-abf59baadfaa','N. Bérault',0,0,'168 A N. Bérault, s.l., 11 novembre [?].',NULL,'11','11',NULL,1,NULL,NULL,NULL,NULL,'11 novembre [?]',1,0,1,'unknown_location_in_france_FR_gid_unknown','s.l.',0,0,'unknown_location_XX_gid_unknown','[Unknown Location]',1,0,'latin','familiar letter','letter_1_to_1','for further information on the dating of this letter cf. Répertoire, 232 n. 1'),('gbudé_gueudet_169','169 [Gueudet] // 169 [Delaruelle]','c0b89c75-45b8-4b04-bfd7-25bfe9ed040b','Guillaume Budé',0,0,'c3075cc7-2f2b-44ab-949c-eb15967cef26','Pierre Séguier',0,0,'169 A Pierre Séguier, Paris, 29 avril [?].',NULL,'04','29',NULL,1,NULL,NULL,NULL,NULL,'29 avril [?]',1,0,1,'paris_FR_gid_2988507','Paris',0,0,'orléans_FR_gid_2989317','[Orléans]',1,0,'latin','familiar letter','letter_1_to_1',NULL),('gbudé_gueudet_17','17 [Gueudet] // 17 [Delaruelle]','c0b89c75-45b8-4b04-bfd7-25bfe9ed040b','Guillaume Budé',0,0,'eeb88e60-ea26-4029-9e0c-77a8f3f58e5c','Pace',0,0,'17 A Pace, Paris, 1°\' août [1518]','1518','08','01','1518-08-01',0,'1518','08','01','1518-08-01','1°\' août [1518]',1,0,0,'paris_FR_gid_2988507','Paris',0,0,'unknown_location_XX_gid_unknown','[Unknown Location]',1,0,'latin','familiar letter','letter_1_to_1',NULL),('gbudé_gueudet_171','171 [Gueudet] // 171 [Delaruelle]','c0b89c75-45b8-4b04-bfd7-25bfe9ed040b','Guillaume Budé',0,0,'b2948fe5-b5ea-4642-bcf8-17c1034e72a3','Burensis',0,0,'171 A Burensis, Paris, 8 janvier [?].',NULL,'01','08',NULL,1,NULL,NULL,NULL,NULL,'8 janvier [?]',1,0,1,'paris_FR_gid_2988507','Paris',0,0,'unknown_location_XX_gid_unknown','[Unknown Location]',1,0,'latin','familiar letter','letter_1_to_1','for a possible inferred year, 1526, cf. Répertoire 236 n. 1'),('gbudé_gueudet_172','172 [Gueudet] // 172 [Delaruelle] // 154 [Rogers]','c0b89c75-45b8-4b04-bfd7-25bfe9ed040b','Guillaume Budé',0,0,'763f4d64-dffb-40eb-bc45-2fde4992223e','Th. More',0,0,'172 A Th. More, Paris, 25 juin [?].','1527','06','25','1527-06-25',0,'1527','06','25','1527-06-25','25 juin [?]',1,0,1,'paris_FR_gid_2988507','Paris',0,0,'london_GB_gid_2643743','[London]',1,0,'latin','familiar letter','letter_1_to_1',NULL),('gbudé_gueudet_172_1','172-1 [Gueudet] // 90 [Lavois/Galibois]','c0b89c75-45b8-4b04-bfd7-25bfe9ed040b','Guillaume Budé',0,0,'702846d2-4b22-4fc3-90f2-ae30d88d23c5','François Ier',0,0,'*172-1 A François Ier, Paris, [avant septembre 1529]. Lettre grecque.','1529',NULL,NULL,'1529-01-01',1,'1529',NULL,NULL,'1529-08-31','[avant septembre 1529]',1,0,0,'paris_FR_gid_2988507','Paris',0,0,'unknown_location_in_france_FR_gid_unknown','[Unknown Location in France]',1,0,'greek','epilogue letter','letter_1_to_1',NULL),('gbudé_gueudet_172_3','172-3 [Gueudet] // 164 [Delaruelle]','c0b89c75-45b8-4b04-bfd7-25bfe9ed040b','Guillaume Budé',0,0,'639f3ce8-be9f-4993-b200-3fcde3a3b4e9','A. Alciat',0,0,'172-3 A A. Alciat, Paris, 24 septembre [1529].','1529','09','24','1529-09-24',0,'1529','09','24','1529-09-24','24 septembre [1529]',1,0,0,'paris_FR_gid_2988507','Paris',0,0,'bourges_FR_gid_3031005','[Bourges]',1,0,'latin','familiar letter','letter_1_to_1',NULL),('gbudé_gueudet_172_4','172-4 [Gueudet] // 165 [Delaruelle]','c0b89c75-45b8-4b04-bfd7-25bfe9ed040b','Guillaume Budé',0,0,'1a140b49-2cbf-4084-bda8-c78275a7975c','Jacques Colin',0,0,'172-4 A Jacques Colin, Paris, 6 décembre [1529].','1529','12','06','1529-12-06',0,'1529','12','06','1529-12-06','6 décembre [1529]',1,0,0,'paris_FR_gid_2988507','Paris',0,0,'fontainebleau_palace_FR_gid_7535589','[Palace of Fontainebleau]',1,0,'latin','familiar letter','letter_1_to_1',NULL),('gbudé_gueudet_172_5','172-5 [Gueudet]','c0b89c75-45b8-4b04-bfd7-25bfe9ed040b','Guillaume Budé',0,0,'639f3ce8-be9f-4993-b200-3fcde3a3b4e9','A. Alciat',0,0,'*172-5 A A. Alciat, Paris, 21 juin [1530].','1530','06','21','1530-06-21',0,'1530','06','21','1530-06-21','21 juin [1530]',1,0,0,'paris_FR_gid_2988507','Paris',0,0,'bourges_FR_gid_3031005','[Bourges]',1,0,'latin','familiar letter','letter_1_to_1',NULL),('gbudé_gueudet_172_6ck1','172-6 [Gueudet]','c0b89c75-45b8-4b04-bfd7-25bfe9ed040b','Guillaume Budé',0,0,'fc0cedd7-4b92-4a05-be97-f56683b199d4','Henri d\'Orléans',0,0,'*172-6 A Henri d\'Orléans et Charles d\'Angoulême, fils du roi, s.l.n.d. [avant novembre 1532].','1532',NULL,NULL,'1532-01-01',1,'1532',NULL,NULL,'1532-10-31','n.d. [avant novembre 1532]',1,0,0,'unknown_location_in_france_FR_gid_unknown','s.l.',0,1,'unknown_location_in_france_FR_gid_unknown','[Unknown Location in France]',1,0,'latin','dedicatory letter','letter_1_to_n',NULL),('gbudé_gueudet_172_6ck2','172-6 [Gueudet]','c0b89c75-45b8-4b04-bfd7-25bfe9ed040b','Guillaume Budé',0,0,'757481c4-4073-47c9-ae69-41272c1777e6','Charles d\'Angoulême',0,0,'*172-6 A Henri d\'Orléans et Charles d\'Angoulême, fils du roi, s.l.n.d. [avant novembre 1532].','1532',NULL,NULL,'1532-01-01',1,'1532',NULL,NULL,'1532-10-31','n.d. [avant novembre 1532]',1,0,0,'unknown_location_in_france_FR_gid_unknown','s.l.',0,1,'unknown_location_in_france_FR_gid_unknown','[Unknown Location in France]',1,0,'latin','dedicatory letter','letter_1_to_n',NULL),('gbudé_gueudet_172_7','172-7 [Gueudet]','c0b89c75-45b8-4b04-bfd7-25bfe9ed040b','Guillaume Budé',0,0,'96b34928-b9ad-4622-a9e5-2bc06a5895ef','Guillaume Cop',0,0,'*172-7 A Guillaume Cop, s.l.n.d. [avant le 2 décembre 1532].','1532',NULL,NULL,'1532-01-01',1,'1532','12','01','1532-12-01','n.d. [avant le 2 décembre 1532]',1,0,0,'unknown_location_in_france_FR_gid_unknown','s.l.',0,1,'paris_FR_gid_2988507','[Paris]',1,0,'latin','familiar letter','letter_1_to_1',NULL),('gbudé_gueudet_172_8','172-8 [Gueudet]','c0b89c75-45b8-4b04-bfd7-25bfe9ed040b','Guillaume Budé',0,0,'d95500e5-0677-4695-ad88-880c1c1e331b','Bernardin Rutilio',0,0,'*172-8 A Bernardin Rutilio, Paris, 5 février [1533].','1533','02','05','1533-02-05',0,'1533','02','05','1533-02-05','5 février [1533]',1,0,0,'paris_FR_gid_2988507','Paris',0,0,'venice_IT_gid_3164603','[Venice]',1,0,'latin','familiar letter','letter_1_to_1',NULL),('gbudé_gueudet_172_9','172-9 [Gueudet]','c0b89c75-45b8-4b04-bfd7-25bfe9ed040b','Guillaume Budé',0,0,'bb4889a2-042c-4eb0-bde8-25080b8324ca','Florent Le Picart',0,0,'*172-9 A Florent Le Picart, de notre maison, 23 août [1533].','1533','08','23','1533-08-23',0,'1533','08','23','1533-08-23','23 août [1533]',1,0,0,'unknown_location_in_france_FR_gid_unknown','de notre maison',0,1,'paris_FR_gid_2988507','[Paris]',1,0,'latin','familiar letter','letter_1_to_1',NULL),('gbudé_gueudet_173','173 [Gueudet] // 173 [Delaruelle]','c0b89c75-45b8-4b04-bfd7-25bfe9ed040b','Guillaume Budé',0,0,'7ef039d3-44a9-4b7a-91d6-974f6bd712cf','Etienne Dolet',0,0,'*173 A Etienne Dolet, Paris, 24 janvier [1534].','1534','01','24','1534-01-24',0,'1534','01','24','1534-01-24','24 janvier [1534]',1,0,0,'paris_FR_gid_2988507','Paris',0,0,'toulouse_FR_gid_2972315','[Toulouse]',1,0,'latin','familiar letter','letter_1_to_1',NULL),('gbudé_gueudet_173_1','173-1 [Gueudet]','c0b89c75-45b8-4b04-bfd7-25bfe9ed040b','Guillaume Budé',0,0,'702846d2-4b22-4fc3-90f2-ae30d88d23c5','François 1er, le roi très chrétien',0,0,'*173-1 A François 1er, le roi très chrétien, Paris, [avant le 15 mars] 1535 n.s.','1535',NULL,NULL,'1535-01-01',1,'1535','03','14','1535-03-15','[avant le 15 mars] 1535 n.s.',1,0,0,'paris_FR_gid_2988507','Paris',0,0,'unknown_location_in_france_FR_gid_unknown','[Unknown Location in France]',1,0,'latin','preaftory letter','letter_1_to_1',NULL),('gbudé_gueudet_175','175 [Gueudet] // 175 [Delaruelle]','c0b89c75-45b8-4b04-bfd7-25bfe9ed040b','Guillaume Budé',0,0,'d1bb5b32-b656-42a8-9044-4d080996fb42','Jean Duaren',0,0,'*175 A Jean Duaren, Paris, 1er novembre 1536.','1536','11','01','1536-11-01',0,'1536','11','01','1536-11-01','1er novembre 1536',0,0,0,'paris_FR_gid_2988507','Paris',0,0,'unknown_location_in_france_FR_gid_unknown','[Unknown Location in France]',1,0,'latin','familiar letter','letter_1_to_1',NULL),('gbudé_gueudet_175_1','175-1 [Gueudet] // 174 [Delaruelle]','c0b89c75-45b8-4b04-bfd7-25bfe9ed040b','Guillaume Budé',0,0,'c9a255e8-eb32-4374-ad89-503241629c28','François Duaren',0,0,'*175-1 A François Duaren, Paris, 15 octobre [1537 ?].','1537','10','15','1537-10-15',0,'1537','10','15','1537-10-15','15 octobre [1537?]',1,0,1,'paris_FR_gid_2988507','Paris',0,0,'bourges_FR_gid_3031005','[Bourges]',1,0,'latin','familiar letter','letter_1_to_1',NULL),('gbudé_gueudet_175_2','175-2 [Gueudet]','c0b89c75-45b8-4b04-bfd7-25bfe9ed040b','Guillaume Budé',0,0,'b38af319-02eb-4159-8579-4e864c755667','Guy Morillon',0,0,'*175-2 A Guy Morillon, Paris, 8 janvier [1540].','1540','01','08','1540-01-08',0,'1540','01','08','1540-01-08','8 janvier [1540]',1,0,0,'paris_FR_gid_2988507','Paris',0,0,'leuven_BE_gid_2792482','[Louvain]',1,0,'latin','familiar letter','letter_1_to_1',NULL),('gbudé_gueudet_175_3','175-3 [Gueudet]','c0b89c75-45b8-4b04-bfd7-25bfe9ed040b','Guillaume Budé',0,0,'270286f5-d7af-492b-9e52-141601253d8a','chancelier Guillaume Poyet',0,0,'*175-3 Au chancelier Guillaume Poyet, Caudebec, 8 août 1540.','1540','08','08','1540-08-08',0,'1540','08','08','1540-08-08','8 août 1540',0,0,0,'caudebec_en_caux_FR_gid_3028215','Caudebec',0,0,'paris_FR_gid_2988507','[Paris]',1,0,'latin','familiar letter','letter_1_to_1',NULL),('gbudé_gueudet_18','18 [Gueudet] // 18 [Delaruelle]','c0b89c75-45b8-4b04-bfd7-25bfe9ed040b','Guillaume Budé',0,0,'eeb88e60-ea26-4029-9e0c-77a8f3f58e5c','R. Pace',0,0,'18 A R. Pace, Paris, 16 août [1518].','1518','08','16','1518-08-16',0,'1518','08','16','1518-08-16','16 août [1518]',1,0,0,'paris_FR_gid_2988507','Paris',0,0,'unknown_location_XX_gid_unknown','[Unknown Location]',1,0,'latin','familiar letter','letter_1_to_1',NULL),('gbudé_gueudet_19','19 [Gueudet] // 19 [Delaruelle] // 66 [Rogers]','c0b89c75-45b8-4b04-bfd7-25bfe9ed040b','Guillaume Budé',0,0,'763f4d64-dffb-40eb-bc45-2fde4992223e','Thomas More',0,0,'19 A Thomas More, Paris, 9 septembre 1518.','1518','09','09','1518-09-09',0,'1518','09','09','1518-09-09','9 septembre 1518',0,0,0,'paris_FR_gid_2988507','Paris',0,0,'london_GB_gid_2643743','[London]',1,0,'latin','familiar letter','letter_1_to_1',NULL),('gbudé_gueudet_1_1','1-1 [Gueudet]','c0b89c75-45b8-4b04-bfd7-25bfe9ed040b','Guillaume Budé',0,0,'270ee701-28ae-444a-b264-b8f7d4c99e3b','[Charles Fernand]',1,0,'*1-1 [A Charles Fernand, s.l., 22 septembre 1510]','1510','09','22','1510-09-22',0,'1510','09','22','1510-09-22','[22 septembre 1510]',1,0,0,'unknown_location_in_france_FR_gid_unknown','s.l.',0,1,'abbaye_saint_vincent_du_mans_FR_gid_unknown','[Abbaye Saint-Vincent du Mans]',1,0,'latin','familiar letter','letter_1_to_1',NULL),('gbudé_gueudet_2','2 [Gueudet] // 2 [Delaruelle]','c0b89c75-45b8-4b04-bfd7-25bfe9ed040b','Guillaume Budé',0,0,'5375f20d-1943-4735-b423-abf59baadfaa','Nicole Bérault',0,0,'2 A Nicole Bérault, Paris, 25 mars 1511 n.s.','1511','03','25','1511-03-25',0,'1511','03','25','1511-03-25','25 mars 1511 n.s.',0,0,0,'paris_FR_gid_2988507','Paris',0,0,'orléans_FR_gid_2989317','[Orléans]',1,0,'latin','familiar letter','letter_1_to_1',NULL),('gbudé_gueudet_20','20 [Gueudet] // 20 [Delaruelle]','c0b89c75-45b8-4b04-bfd7-25bfe9ed040b','Guillaume Budé',0,0,'323b3987-6b7c-4bbd-853b-abe1dd1f85dd','Th. Linacre',0,0,'20 A Th. Linacre, Paris, 9 septembre [1518].','1518','09','09','1518-09-09',0,'1518','09','09','1518-09-09','9 septembre [1518]',1,0,0,'paris_FR_gid_2988507','Paris',0,0,'london_GB_gid_2643743','[London]',1,0,'latin','familiar letter','letter_1_to_1',NULL),('gbudé_gueudet_20_1','20-1 [Gueudet] // 48 [Delaruelle] // 39 [Lavois/Galibois]','c0b89c75-45b8-4b04-bfd7-25bfe9ed040b','Guillaume Budé',0,0,'ab74d6de-13e3-4b8b-909a-b9471a2d75f3','Christophe de Longueil',0,0,'20-1 A Christophe de Longueil, Paris, 15 octobre [1518]. Lettre grecque.','1518','10','15','1518-10-15',0,'1518','10','15','1518-10-15','15 octobre [1518]',1,0,0,'unknown_location_in_france_FR_gid_unknown','Paris',0,0,'leuven_BE_gid_2792482','[Leuven]',1,0,'greek','familiar letter','letter_1_to_1',NULL),('gbudé_gueudet_21','21 [Gueudet] // 21 [Delaruelle]','c0b89c75-45b8-4b04-bfd7-25bfe9ed040b','Guillaume Budé',0,0,'170b77cd-d77c-4cf0-bf43-4b83e0037eea','Joachim von Watt, dit Vadianus',0,0,'21 A Joachim von Watt, dit Vadianus, Paris, 25 octobre 1518.','1518','10','25','1518-10-25',0,'1518','10','25','1518-10-25','25 octobre 1518',0,0,0,'paris_FR_gid_2988507','Paris',0,0,'sankt_gallen_CH_gid_2658822','[St Gallen]',1,0,'latin','familiar letter','letter_1_to_1',NULL),('gbudé_gueudet_22_1','22-1 [Gueudet] // 49 [Delaruelle] // 16 [Lavois/Galibois]','c0b89c75-45b8-4b04-bfd7-25bfe9ed040b','Guillaume Budé',0,0,'ce2e340e-9f50-4bd1-95e0-4ab14eaa0d09','Richard Croke',0,0,'22-1 A Richard Croke, Paris, 3 novembre [1518]. Lettre grecque [1518 ou 1519 selon Lavoie].','1518','11','03','1518-11-03',0,'1518','11','03','1518-11-03','3 novembre [1518] [1518 ou 1519 selon Lavoie]',1,0,0,'paris_FR_gid_2988507','Paris',0,0,'cambridge_GB_gid_2653941','[Cambridge]',1,0,'greek','familiar letter','letter_1_to_1',NULL),('gbudé_gueudet_23','23 [Gueudet] // 23 [Delaruelle]','c0b89c75-45b8-4b04-bfd7-25bfe9ed040b','Guillaume Budé',0,0,'eeb88e60-ea26-4029-9e0c-77a8f3f58e5c','R. Pace',0,0,'23 A R. Pace, Paris, 5 novembre [1518].','1518','11','05','1518-11-05',0,'1518','11','05','1518-11-05','5 novembre [1518]',1,0,0,'paris_FR_gid_2988507','Paris',0,0,'unknown_location_XX_gid_unknown','[Unknown Location]',1,0,'latin','familiar letter','letter_1_to_1',NULL),('gbudé_gueudet_24','24 [Gueudet] // 24 [Delaruelle]','c0b89c75-45b8-4b04-bfd7-25bfe9ed040b','Guillaume Budé',0,0,'a20b6be9-28f9-46c7-b8cd-b6a0014d7d15','Battista Egnazio',0,0,'24 A Battista Egnazio, Paris, 27 novembre 1518.','1518','11','27','1518-11-27',0,'1518','11','27','1518-11-27','27 novembre 1518',0,0,0,'paris_FR_gid_2988507','Paris',0,0,'venice_IT_gid_3164603','[Venice]',1,0,'latin','familiar letter','letter_1_to_1',NULL),('gbudé_gueudet_24_1','24-1 [Gueudet]','c0b89c75-45b8-4b04-bfd7-25bfe9ed040b','Guillaume Budé',0,0,'702846d2-4b22-4fc3-90f2-ae30d88d23c5','François 1er',0,0,'*24-1 A François 1er, s.l.n.d. [c. fin 1518-début 1519].','1518',NULL,NULL,'1518-11-01',1,'1519',NULL,NULL,'1519-01-31','n.d. [c fin 1518-début 1519]',1,0,0,'unknown_location_in_france_FR_gid_unknown','s.l.',0,1,'unknown_location_in_france_FR_gid_unknown','[Unknown Location in France]',1,0,'latin','prefatory letter','letter_1_to_1',NULL),('gbudé_gueudet_28','28 [Gueudet] // 28 [Delaruelle] // 45 [Lavois/Galibois]','c0b89c75-45b8-4b04-bfd7-25bfe9ed040b','Guillaume Budé',0,0,'0462ba32-d306-4286-9c4f-2bb98438fa01','Guillaume du Maine',0,0,'28 A Guillaume du Maine, Lyon, 16 avril [1519]. Lettre grecque.','1519','04','16','1519-04-16',0,'1519','04','16','1519-04-16','16 avril [1519]',1,0,0,'lyon_FR_gid_2996944','Lyon',0,0,'paris_FR_gid_2988507','[Paris]',1,0,'greek','familiar letter','letter_1_to_1',NULL),('gbudé_gueudet_29','29 [Gueudet] // 29 [Delaruelle] // 46 [Lavois/Galibois]','c0b89c75-45b8-4b04-bfd7-25bfe9ed040b','Guillaume Budé',0,0,'0462ba32-d306-4286-9c4f-2bb98438fa01','G. du Maine',0,0,'29 A G. du Maine, Pierrelatte, 22 avril [1519]. Lettre grecque.','1519','04','22','1519-04-22',0,'1519','04','22','1519-04-22','22 avril [1519]',1,0,0,'pierrelatte_FR_gid_2987259','Pierrelatte',0,0,'paris_FR_gid_2988507','[Paris]',1,0,'greek','familiar letter','letter_1_to_1',NULL),('gbudé_gueudet_2_2','2-2 [Gueudet] // 6 [Delaruelle] // 15 [Lavois/Galibois]','c0b89c75-45b8-4b04-bfd7-25bfe9ed040b','Guillaume Budé',0,0,'3ae0d8be-cb3d-4651-8fd9-ad99555056ab','Louis Budé, son frère',0,0,'2-2 A Louis Budé, son frère, Paris, 19 janvier [1516]. Lettre grecque [datée de 1517 par Delaruelle et Lavoie]','1516','01','19','1516-01-19',0,'1516','01','19','1516-01-19','19 janvier [1516] [datée de 1517 par Delaruelle et Lavoie]',1,0,0,'paris_FR_gid_2988507','Paris',0,0,'troyes_FR_gid_2971549','[Troyes]',1,0,'greek','familiar letter','letter_1_to_1',NULL),('gbudé_gueudet_30','30 [Gueudet] // 30 [Delaruelle] // 1 [Lavois/Galibois]','c0b89c75-45b8-4b04-bfd7-25bfe9ed040b','Guillaume Budé',0,0,'4de6dad8-84ae-4acd-9b76-0e2064602f71','Germain de Brie',0,0,'30 A Germain de Brie, Montpellier, 3 mai 1519. Lettre grecque.','1519','05','03','1519-05-03',0,'1519','05','03','1519-05-03','3 mai 1519',0,0,0,'montpellier_FR_gid_2992166','Montpellier',0,0,'paris_FR_gid_2988507','[Paris]',1,0,'greek','familiar letter','letter_1_to_1',NULL),('gbudé_gueudet_31','31 [Gueudet] // 31 [Delaruelle]','c0b89c75-45b8-4b04-bfd7-25bfe9ed040b','Guillaume Budé',0,0,'64788439-39b6-468d-91ed-cbd6d1f9b435','Dreux son fils',0,0,'31 A Dreux son fils, Montpellier, 8 mai [1519].','1519','05','08','1519-05-08',0,'1519','05','08','1519-05-08','8 mai [1519]',1,0,0,'montpellier_FR_gid_2992166','Montpellier',0,0,'paris_FR_gid_2988507','[Paris]',1,0,'latin','familiar letter','letter_1_to_1',NULL),('gbudé_gueudet_32','32 [Gueudet] // 32 [Delaruelle] // 47 [Lavois/Galibois]','c0b89c75-45b8-4b04-bfd7-25bfe9ed040b','Guillaume Budé',0,0,'0462ba32-d306-4286-9c4f-2bb98438fa01','G. du Maine',0,0,'32 A G. du Maine, Montpellier, 10 mai [1519]. Lettre grecque.','1519','05','10','1519-05-10',0,'1519','05','10','1519-05-10','10 mai [1519]',1,0,0,'montpellier_FR_gid_2992166','Montpellier',0,0,'paris_FR_gid_2988507','[Paris]',1,0,'greek','familiar letter','letter_1_to_1',NULL),('gbudé_gueudet_36','36 [Gueudet] // 36 [Delaruelle]','c0b89c75-45b8-4b04-bfd7-25bfe9ed040b','Guillaume Budé',0,0,'fca3ef2d-681d-49ff-b700-1929e91f81a1','Th. Lupset',0,0,'*36 A Th. Lupset, s.l.n.d. [au plus tard juin 1519].','1519',NULL,NULL,'1519-01-01',1,'1519',NULL,NULL,'1519-06-30','n.d. [au plus tard juin 1519]',1,0,0,'unknown_location_in_france_FR_gid_unknown','s.l.',0,0,'unknown_location_XX_gid_unknown','[Unknown Location]',1,0,'latin','prefatory letter','letter_1_to_1','for March 1 as the beginning of the date range cf. Répertoire, 65'),('gbudé_gueudet_37','37 [Gueudet] // 37 [Delaruelle]','c0b89c75-45b8-4b04-bfd7-25bfe9ed040b','Guillaume Budé',0,0,'740575be-0859-4714-8c95-b44cd0f26b4c','Nicolas de la Chesnaye',0,0,'37 A Nicolas de la Chesnaye, Paris, 5 juillet [1519].','1519','07','05','1519-07-05',0,'1519','07','05','1519-07-05','5 juillet [1519]',1,0,0,'paris_FR_gid_2988507','Paris',0,0,'milano_IT_gid_3173435','[Milan]',1,0,'latin','familiar letter','letter_1_to_1',NULL),('gbudé_gueudet_38','38 [Gueudet] // 38 [Delaruelle]','c0b89c75-45b8-4b04-bfd7-25bfe9ed040b','Guillaume Budé',0,0,'968b6cc9-aee2-446a-a3e1-665fb91f4aab','Claude Chansonnette, dit Cantiuncula',0,0,'38 A Claude Chansonnette, dit Cantiuncula, Paris, 17 juillet [1519].','1519','07','17','1519-07-17',0,'1519','07','17','1519-07-17','17 juillet [1519]',1,0,0,'paris_FR_gid_2988507','Paris',0,0,'basel_CH_gid_2661604','[Basel]',1,0,'latin','familiar letter','letter_1_to_1',NULL),('gbudé_gueudet_39','39 [Gueudet] // 39 [Delaruelle]','c0b89c75-45b8-4b04-bfd7-25bfe9ed040b','Guillaume Budé',0,0,'a9779b0b-cb2b-4a48-84c4-940449ef5c3c','Ulrich Zasius',0,0,'*39 A Ulrich Zasius, Paris, 25 juillet 1519.','1519','07','25','1519-07-25',0,'1519','07','25','1519-07-25','25 juillet 1519',0,0,0,'paris_FR_gid_2988507','Paris',0,0,'freiburg_DE_gid_2925177','[Freiburg]',1,0,'latin','familiar letter','letter_1_to_1',NULL),('gbudé_gueudet_3_1','3-1 [Gueudet] // 34 [Delaruelle] // 27 [Lavois/Galibois]','c0b89c75-45b8-4b04-bfd7-25bfe9ed040b','Guillaume Budé',0,0,'fa8b4f44-551f-4cc6-a4f7-d5fb957064ae','J. Lascaris',0,0,'3-1 A J. Lascaris, Paris, 10 juin [1516]. Lettre grecque.','1516','06','10','1516-06-10',0,'1516','06','10','1516-06-10','10 juin [1516]',1,0,0,'paris_FR_gid_2988507','Paris',0,0,'unknown_location_in_france_FR_gid_unknown','[Unknown Location in France]',1,0,'greek','familiar letter','letter_1_to_1',NULL),('gbudé_gueudet_40','40 [Gueudet] // 40 [Delaruelle] // 80 [Rogers]','c0b89c75-45b8-4b04-bfd7-25bfe9ed040b','Guillaume Budé',0,0,'763f4d64-dffb-40eb-bc45-2fde4992223e','Th. More',0,0,'40 A Th. More, Paris, 12 août 1519.','1519','08','12','1519-08-12',0,'1519','08','12','1519-08-12','12 août 1519',0,0,0,'paris_FR_gid_2988507','Paris',0,0,'london_GB_gid_2643743','[London]',1,0,'latin','familiar letter','letter_1_to_1',NULL),('gbudé_gueudet_41','41 [Gueudet] // 41 [Delaruelle]','c0b89c75-45b8-4b04-bfd7-25bfe9ed040b','Guillaume Budé',0,0,'3b4c81b2-e0d5-4b14-868d-dfc3b629558b','Pierre Bembo',0,0,'41 A Pierre Bembo, Paris, 16 août 1519.','1519','08','16','1519-08-16',0,'1519','08','16','1519-08-16','16 août 1519',0,0,0,'paris_FR_gid_2988507','Paris',0,0,'rome_IT_gid_3169070','[Rome]',1,0,'latin','familiar letter','letter_1_to_1',NULL),('gbudé_gueudet_42','42 [Gueudet] // 42 [Delaruelle]','c0b89c75-45b8-4b04-bfd7-25bfe9ed040b','Guillaume Budé',0,0,'96a63010-6201-4f01-a82f-e6108cb30f08','Jacques Sadolet',0,0,'42 A Jacques Sadolet, Paris, 17 août [1519].','1519','08','17','1519-08-17',0,'1519','08','17','1519-08-17','17 août [1519]',1,0,0,'paris_FR_gid_2988507','Paris',0,0,'rome_IT_gid_3169070','[Rome]',1,0,'latin','familiar letter','letter_1_to_1',NULL),('gbudé_gueudet_43','43 [Gueudet] // 43 [Delaruelle]','c0b89c75-45b8-4b04-bfd7-25bfe9ed040b','Guillaume Budé',0,0,'a947e7e4-41f3-4f30-acd3-3cb79fbf5e18','Louis Vivès',0,0,'43 A Louis Vivès, Paris, 19 août 1519.','1519','08','19','1519-08-19',0,'1519','08','19','1519-08-19','19 août 1519',0,0,0,'paris_FR_gid_2988507','Paris',0,0,'leuven_BE_gid_2792482','[Leuven]',1,0,'latin','familiar letter','letter_1_to_1','this is EMLO Work ID 22fd293b-6507-4a4e-a39b-b631c0462ca9'),('gbudé_gueudet_46','46 [Gueudet] // 46 [Delaruelle]','c0b89c75-45b8-4b04-bfd7-25bfe9ed040b','Guillaume Budé',0,0,'10f58e5e-e43a-405e-901a-3633cbf82bc9','François Deloynes',0,0,'46 A François Deloynes, Marly, 29 septembre [1519].','1519','09','29','1519-09-29',0,'1519','09','29','1519-09-29','29 septembre [1519]',1,0,0,'marly_la_ville_FR_gid_2995653','Marly',0,0,'paris_FR_gid_2988507','[Paris]',1,0,'latin','familiar letter','letter_1_to_1',NULL),('gbudé_gueudet_47','47 [Gueudet] // 47 [Delaruelle]','c0b89c75-45b8-4b04-bfd7-25bfe9ed040b','Guillaume Budé',0,0,'7db91034-db92-4ada-b144-811e44969510','François Le Picart',0,0,'47 A François Le Picart, Marly, 30 septembre [1519].','1519','09','30','1519-09-30',0,'1519','09','30','1519-09-30','30 septembre [1519]',1,0,0,'marly_la_ville_FR_gid_2995653','Marly',0,0,'paris_FR_gid_2988507','[Paris]',1,0,'latin','familiar letter','letter_1_to_1',NULL),('gbudé_gueudet_50','50 [Gueudet] // 50 [Delaruelle]','c0b89c75-45b8-4b04-bfd7-25bfe9ed040b','Guillaume Budé',0,0,'13a45c10-f345-45b9-a0c9-4567a8d4216a','Jean Salmon, dit Macrin',0,0,'50 A Jean Salmon, dit Macrin, Marly, 12 novembre [1519].','1519','11','12','1519-11-12',0,'1519','11','12','1519-11-12','12 novembre [1519]',1,0,0,'marly_la_ville_FR_gid_2995653','Marly',0,0,'unknown_location_in_france_FR_gid_unknown','[Unknown Location in France]',1,0,'latin','familiar letter','letter_1_to_1',NULL),('gbudé_gueudet_51','51 [Gueudet] // 51 [Delaruelle]','c0b89c75-45b8-4b04-bfd7-25bfe9ed040b','Guillaume Budé',0,0,'a947e7e4-41f3-4f30-acd3-3cb79fbf5e18','L. Vivès',0,0,'51 A L. Vivès, Marly, 2 janvier 1520 n.s.','1520','01','02','1520-01-02',0,'1520','01','02','1520-01-02','2 janvier 1520 n.s.',0,0,0,'marly_la_ville_FR_gid_2995653','Marly',0,0,'leuven_BE_gid_2792482','[Leuven]',1,0,'latin','familiar letter','letter_1_to_1','this is EMLO Work ID 993268b4-e173-42b7-9a77-303cce20cd8a'),('gbudé_gueudet_52','52 [Gueudet] // 52 [Delaruelle]','c0b89c75-45b8-4b04-bfd7-25bfe9ed040b','Guillaume Budé',0,0,'a947e7e4-41f3-4f30-acd3-3cb79fbf5e18','L. Vivès',0,0,'52 A L. Vivès, Paris, 2 février 1520 n.s.','1520','02','02','1520-02-02',0,'1520','02','02','1520-02-02','2 février 1520 n.s.',0,0,0,'paris_FR_gid_2988507','Paris',0,0,'leuven_BE_gid_2792482','[Leuven]',1,0,'latin','familiar letter','letter_1_to_1','this is EMLO Work ID 0b401319-a577-4c80-9611-47c97062d57e'),('gbudé_gueudet_53','53 [Gueudet] // 53 [Delaruelle] // 21 [Lavois/Galibois]','c0b89c75-45b8-4b04-bfd7-25bfe9ed040b','Guillaume Budé',0,0,'2f9f4670-36d3-478b-9348-6b4cd90dde8d','Pierre Lamy',0,0,'53 A Pierre Lamy, Paris, 10 février [1520]. Lettre grecque.','1520','02','10','1520-02-10',0,'1520','02','10','1520-02-10','10 février [1520]',1,0,0,'paris_FR_gid_2988507','Paris',0,0,'fontenay_le_comte_FR_gid_3017921','[Fontenay-le-Comte]',1,0,'greek','familiar letter','letter_1_to_1',NULL),('gbudé_gueudet_54','54 [Gueudet] // 54 [Delaruelle]','c0b89c75-45b8-4b04-bfd7-25bfe9ed040b','Guillaume Budé',0,0,'13a45c10-f345-45b9-a0c9-4567a8d4216a','J. Salmon Macrin',0,0,'54 A J. Salmon Macrin, Marly, 22 février [1520].','1520','02','22','1520-02-22',0,'1520','02','22','1520-02-22','22 février [1520]',1,0,0,'marly_la_ville_FR_gid_2995653','Marly',0,0,'unknown_location_in_france_FR_gid_unknown','[Unknown Location in France]',1,0,'latin','familiar letter','letter_1_to_1',NULL),('gbudé_gueudet_55','55 [Gueudet] // 55 [Delaruelle] // 40 [Lavois/Galibois]','c0b89c75-45b8-4b04-bfd7-25bfe9ed040b','Guillaume Budé',0,0,'ab74d6de-13e3-4b8b-909a-b9471a2d75f3','Ch. de Longueil',0,0,'55 A Ch. de Longueil, Marly, 22 et 26 février [1520]. Lettre grecque [21 et 25 février selon Lavoie].','1520','02','22','1520-02-22',1,'1520','02','26','1520-02-26','22 et 26 février [1520] [21 et 25 février selon Lavoie]',1,0,0,'marly_la_ville_FR_gid_2995653','Marly',0,0,'venice_IT_gid_3164603','[Venice]',1,0,'greek','familiar letter','letter_1_to_1',NULL),('gbudé_gueudet_56','56 [Gueudet] // 56 [Delaruelle]','c0b89c75-45b8-4b04-bfd7-25bfe9ed040b','Guillaume Budé',0,0,'abe3a7de-94f2-4ff0-9a0a-54cf05c651db','Adolphe Eichholz, dit Roboreus',0,0,'56 A Adolphe Eichholz, dit Roboreus, Marly, 22 février [1520].','1520','02','22','1520-02-22',0,'1520','02','22','1520-02-22','22 février [1520]',1,0,0,'marly_la_ville_FR_gid_2995653','Marly',0,0,'köln_DE_gid_2886242','[Cologne]',1,0,'latin','familiar letter','letter_1_to_1',NULL),('gbudé_gueudet_57','57 [Gueudet] // 57 [Delaruelle]','c0b89c75-45b8-4b04-bfd7-25bfe9ed040b','Guillaume Budé',0,0,'3b4c81b2-e0d5-4b14-868d-dfc3b629558b','P. Bembo',0,0,'57 A P. Bembo, Marly, 24 ou 25 février 1520.','1520','02','24','1520-02-24',1,'1520','02','25','1520-02-25','24 ou 25 février 1520',0,0,0,'marly_la_ville_FR_gid_2995653','Marly',0,0,'rome_IT_gid_3169070','[Rome]',1,0,'latin','familiar letter','letter_1_to_1',NULL),('gbudé_gueudet_58','58 [Gueudet] // 58 [Delaruelle]','c0b89c75-45b8-4b04-bfd7-25bfe9ed040b','Guillaume Budé',0,0,'96a63010-6201-4f01-a82f-e6108cb30f08','J. Sadolet',0,0,'58 A J. Sadolet, Marly, 24 ou 25 février 1520.','1520','02','24','1520-02-24',1,'1520','02','25','1520-02-25','24 ou 25 février 1520',0,0,0,'marly_la_ville_FR_gid_2995653','Marly',0,0,'rome_IT_gid_3169070','[Rome]',1,0,'latin','familiar letter','letter_1_to_1',NULL),('gbudé_gueudet_59','59 [Gueudet] // 59 [Delaruelle]','c0b89c75-45b8-4b04-bfd7-25bfe9ed040b','Guillaume Budé',0,0,'b685896b-0987-4f43-8d24-a92aee969718','Jean Le Picart',0,0,'59 A Jean Le Picart, Marly, 24 ou 25 février [1520].','1520','02','24','1520-02-24',1,'1520','02','25','1520-02-25','24 ou 25 février [1520]',1,0,0,'marly_la_ville_FR_gid_2995653','Marly',0,0,'paris_FR_gid_2988507','[Paris]',1,0,'latin','familiar letter','letter_1_to_1',NULL),('gbudé_gueudet_60','60 [Gueudet] // 60 [Delaruelle]','c0b89c75-45b8-4b04-bfd7-25bfe9ed040b','Guillaume Budé',0,0,'5375f20d-1943-4735-b423-abf59baadfaa','N. Bérault',0,0,'60 A N. Bérault, Marly, 24 ou 25 février [1520].','1520','02','24','1520-02-24',1,'1520','02','25','1520-02-25','24 ou 25 février [1520]',1,0,0,'marly_la_ville_FR_gid_2995653','Marly',0,0,'paris_FR_gid_2988507','[Paris]',1,0,'latin','familiar letter','letter_1_to_1',NULL),('gbudé_gueudet_62','62 [Gueudet] // 62 [Delaruelle]','c0b89c75-45b8-4b04-bfd7-25bfe9ed040b','Guillaume Budé',0,0,'a5f0ec00-9ab8-4195-99fa-3bdeb77e082c','Louis Ruzé',0,0,'62 A Louis Ruzé, Marly, 6 mars 1520 n.s.','1520','03','06','1520-03-06',0,'1520','03','06','1520-03-06','6 mars 1520 n.s.',0,0,0,'marly_la_ville_FR_gid_2995653','Marly',0,0,'paris_FR_gid_2988507','[Paris]',1,0,'latin','familiar letter','letter_1_to_1',NULL),('gbudé_gueudet_63','63 [Gueudet] // 63 [Delaruelle]','c0b89c75-45b8-4b04-bfd7-25bfe9ed040b','Guillaume Budé',0,0,'968b6cc9-aee2-446a-a3e1-665fb91f4aab','C. Chansonnette',0,0,'63 A C. Chansonnette, Marly, 28 mars [1520].','1520','03','28','1520-03-28',0,'1520','03','28','1520-03-28','28 mars [1520]',1,0,0,'marly_la_ville_FR_gid_2995653','Marly',0,0,'basel_CH_gid_2661604','[Basel]',1,0,'latin','familiar letter','letter_1_to_1',NULL),('gbudé_gueudet_64','64 [Gueudet] // 64 [Delaruelle]','c0b89c75-45b8-4b04-bfd7-25bfe9ed040b','Guillaume Budé',0,0,'b685896b-0987-4f43-8d24-a92aee969718','Jean Le Picart',0,0,'64 A Jean Le Picart, Marly, 1er avril [1520].','1520','04','01','1520-04-01',0,'1520','04','01','1520-04-01','1er avril [1520]',1,0,0,'marly_la_ville_FR_gid_2995653','Marly',0,0,'paris_FR_gid_2988507','[Paris]',1,0,'latin','familiar letter','letter_1_to_1',NULL),('gbudé_gueudet_65','65 [Gueudet] // 65 [Delaruelle] // 2 [Lavois/Galibois]','c0b89c75-45b8-4b04-bfd7-25bfe9ed040b','Guillaume Budé',0,0,'4de6dad8-84ae-4acd-9b76-0e2064602f71','G. de Brie',0,0,'65 A G. de Brie, Marly, 4 avril [1520].','1520','04','04','1520-04-04',0,'1520','04','04','1520-04-04','4 avril [1520]',1,0,0,'marly_la_ville_FR_gid_2995653','Marly',0,0,'paris_FR_gid_2988507','[Paris]',1,0,'greek','familiar letter','letter_1_to_1',NULL),('gbudé_gueudet_65_1','65-1 [Gueudet]','c0b89c75-45b8-4b04-bfd7-25bfe9ed040b','Guillaume Budé',0,0,'5375f20d-1943-4735-b423-abf59baadfaa','N. Bérault',0,0,'*65-1 A N. Bérault, s.J.l.d. [au plus tard le 8 avril 1520].','1520',NULL,NULL,'1520-01-01',1,'1520','04','08','1520-04-08','n.d. [au plus tard le 8 avril 1520]',1,0,0,'marly_la_ville_FR_gid_2995653','s.l. [Marly:CK]',1,1,'paris_FR_gid_2988507','[Paris]',1,0,'latin','familiar letter','letter_1_to_1',NULL),('gbudé_gueudet_66','66 [Gueudet] // 66 [Delaruelle]','c0b89c75-45b8-4b04-bfd7-25bfe9ed040b','Guillaume Budé',0,0,'a947e7e4-41f3-4f30-acd3-3cb79fbf5e18','L. Vivès',0,0,'66 A L. Vivès, Marly, 23 avril [1520].','1520','04','23','1520-04-23',0,'1520','04','23','1520-04-23','23 avril [1520]',1,0,0,'marly_la_ville_FR_gid_2995653','Marly',0,0,'leuven_BE_gid_2792482','[Leuven]',1,0,'latin','familiar letter','letter_1_to_1','this is EMLO work ID 3ca256aa-4e53-4ece-8800-ea4c8ecfcbae'),('gbudé_gueudet_67','67 [Gueudet] // 67 [Delaruelle]','c0b89c75-45b8-4b04-bfd7-25bfe9ed040b','Guillaume Budé',0,0,'a947e7e4-41f3-4f30-acd3-3cb79fbf5e18','L. Vivès',0,0,'67 A L. Vivès, Marly, 2 mai [1520].','1520','05','02','1520-05-02',0,'1520','05','02','1520-05-02','2 mai [1520]',1,0,0,'marly_la_ville_FR_gid_2995653','Marly',0,0,'leuven_BE_gid_2792482','[Leuven]',1,0,'latin','familiar letter','letter_1_to_1','this is EMLO Work ID a8c1beab-58e4-4f80-bc42-d196cb2aaa18'),('gbudé_gueudet_68','68 [Gueudet] // 68 [Delaruelle] // 22 [Lavois/Galibois]','c0b89c75-45b8-4b04-bfd7-25bfe9ed040b','Guillaume Budé',0,0,'2f9f4670-36d3-478b-9348-6b4cd90dde8d','P. Lamy',0,0,'68 A P. Lamy, Marly, 2 mai [1520]. Lettre grecque.','1520','05','02','1520-05-02',0,'1520','05','02','1520-05-02','2 mai [1520]',1,0,0,'marly_la_ville_FR_gid_2995653','Marly',0,0,'fontenay_le_comte_FR_gid_3017921','[Fontenay-le-Comte]',1,0,'greek','familiar letter','letter_1_to_1',NULL),('gbudé_gueudet_69_1','69-1 [Gueudet] // 73 [Delaruelle]','c0b89c75-45b8-4b04-bfd7-25bfe9ed040b','Guillaume Budé',0,0,'39c40ec9-ceca-48a4-b873-1637cb6d3a97','Christophe Le Picart',0,0,'69-1 A Christophe Le Picart, Marly [entre octobre 1519 et mai 1520].','1519','10',NULL,'1519-10-01',1,'1520','05',NULL,'1520-05-31','[entre octobre 1519 et mai 1520]',1,0,0,'marly_la_ville_FR_gid_2995653','Marly',0,0,'paris_FR_gid_2988507','[Paris]',1,0,'latin','familiar letter','letter_1_to_1',NULL),('gbudé_gueudet_70','70 [Gueudet] // 70 [Delaruelle]','c0b89c75-45b8-4b04-bfd7-25bfe9ed040b','Guillaume Budé',0,0,'e2eec6ec-259f-4a92-93c9-b92710bc928f','Jo. Pe.',0,0,'70 A Jo. Pe., s.l.n.d. [premiers mois de 1520].','1520',NULL,NULL,'1520-01-01',1,'1520',NULL,NULL,'1520-03-31','n.d. [premiers mois de 1520]',1,0,0,'marly_la_ville_FR_gid_2995653','s.l. [Marly:CK]',1,1,'unknown_location_XX_gid_unknown','[Unknown Location]',1,0,'latin','familiar letter','letter_1_to_1','see remarks in Répertoire for a possible identification of the recipient'),('gbudé_gueudet_71','71 [Gueudet] // 71 [Delaruelle]','c0b89c75-45b8-4b04-bfd7-25bfe9ed040b','Guillaume Budé',0,0,'afa6b456-fdb3-4347-b36f-c095f2b143b3','N. P.',0,0,'71 A N. P., Marly, s.d. [premiers mois de 1520].','1520',NULL,NULL,'1520-01-01',1,'1520',NULL,NULL,'1520-03-31','sd [premiers mois de 1520]',1,0,0,'marly_la_ville_FR_gid_2995653','Marly',0,0,'unknown_location_in_france_FR_gid_unknown','[Unknown Location in France]',1,0,'latin','familiar letter','letter_1_to_1',NULL),('gbudé_gueudet_72','72 [Gueudet] // 72 [Delaruelle]','c0b89c75-45b8-4b04-bfd7-25bfe9ed040b','Guillaume Budé',0,0,'a5f0ec00-9ab8-4195-99fa-3bdeb77e082c','L. Ruzé',0,0,'72 A L. Ruzé, Marly, s.d. [carême ? 1520].','1520','02','22','1520-02-22',0,'1520','02','22','1520-02-22','sd [carême ? 1520]',1,0,1,'marly_la_ville_FR_gid_2995653','Marly',0,0,'paris_FR_gid_2988507','[Paris]',1,0,'latin','familiar letter','letter_1_to_1',NULL),('gbudé_gueudet_73_1','73-1 [Gueudet] // 69 [Delaruelle] // 48 [Lavois/Galibois]','c0b89c75-45b8-4b04-bfd7-25bfe9ed040b','Guillaume Budé',0,0,'0462ba32-d306-4286-9c4f-2bb98438fa01','G. du Maine',0,0,'73-1 A G. du Maine, Ardres, 16 mai [1520]. Lettre grecque. [le 4 mai selon Lavoie]','1520','05','16','1520-05-16',0,'1520','05','16','1520-05-16','16 mai [1520] [le 4 mai selon Lavoie]',1,0,0,'ardres_FR_gid_3037113','Ardres',0,0,'paris_FR_gid_2988507','[Paris]',1,0,'greek','familiar letter','letter_1_to_1',NULL),('gbudé_gueudet_73_2','73-2 [Gueudet] // 130 [Delaruelle] // 4 [Lavois/Galibois]','c0b89c75-45b8-4b04-bfd7-25bfe9ed040b','Guillaume Budé',0,0,'4de6dad8-84ae-4acd-9b76-0e2064602f71','G. de Brie',0,0,'73-2 A G. de Brie, s.l.n.d. [antérieur à septembre 1520]. Lettre grecque.','1520',NULL,NULL,'1520-01-01',1,'1520',NULL,NULL,'1520-08-31','n.d. [antérieur à septembre 1520]',1,0,0,'unknown_location_in_france_FR_gid_unknown','s.l.',0,0,'paris_FR_gid_2988507','[Paris]',1,0,'greek','familiar letter','letter_1_to_1','it is noteworthy that Budé lettres grecques gives automne 1520 as date specification without providing an explanation'),('gbudé_gueudet_73_3','73-3 [Gueudet] // 131 [Delaruelle] // 3 [Lavois/Galibois]','c0b89c75-45b8-4b04-bfd7-25bfe9ed040b','Guillaume Budé',0,0,'4de6dad8-84ae-4acd-9b76-0e2064602f71','G. de Brie',0,0,'73-3 A G. de Brie, s.1.n.d. [antérieur à septembre 1520]. Lettre grecque.','1520',NULL,NULL,'1520-01-01',1,'1520',NULL,NULL,'1520-08-31','n.d. [antérieur à septembre 1520]',1,0,0,'unknown_location_in_france_FR_gid_unknown','s.l.',0,0,'paris_FR_gid_2988507','[Paris]',1,0,'greek','familiar letter','letter_1_to_1','it is noteworthy that Budé lettres grecques gives automne 1520 as date specification without providing an explanation'),('gbudé_gueudet_74','74 [Gueudet] // 74 [Delaruelle]','c0b89c75-45b8-4b04-bfd7-25bfe9ed040b','Guillaume Budé',0,0,'96a63010-6201-4f01-a82f-e6108cb30f08','J. Sadolet',0,0,'74 A J. Sadolet, Amboise, 14 novembre [1520].','1520','11','14','1520-11-14',0,'1520','11','14','1520-11-14','14 novembre [1520]',1,0,0,'amboise_FR_gid_3037902','Amboise',0,0,'rome_IT_gid_3169070','[Rome]',1,0,'latin','familiar letter','letter_1_to_1',NULL),('gbudé_gueudet_75','75 [Gueudet] // 75 [Delaruelle]','c0b89c75-45b8-4b04-bfd7-25bfe9ed040b','Guillaume Budé',0,0,'64788439-39b6-468d-91ed-cbd6d1f9b435','Dreux son fils',0,0,'75 A Dreux son fils, Amboise, 20 novembre [1520].','1520','11','20','1520-11-20',0,'1520','11','20','1520-11-20','20 novembre [1520]',1,0,0,'amboise_FR_gid_3037902','Amboise',0,0,'paris_FR_gid_2988507','[Paris]',1,0,'latin','familiar letter','letter_1_to_1',NULL),('gbudé_gueudet_76','76 [Gueudet] // 76 [Delaruelle]','c0b89c75-45b8-4b04-bfd7-25bfe9ed040b','Guillaume Budé',0,0,'f87efcf6-45a4-406c-b89a-8b66b81742d4','Jean Courtin',0,0,'76 A Jean Courtin, Amboise, 20 novembre [1520].','1520','11','20','1520-11-20',0,'1520','11','20','1520-11-20','20 novembre [1520]',1,0,0,'amboise_FR_gid_3037902','Amboise',0,0,'paris_FR_gid_2988507','[Paris]',1,0,'latin','familiar letter','letter_1_to_1',NULL),('gbudé_gueudet_77','77 [Gueudet] // 77 [Delaruelle] // 85 [Lavois/Galibois]','c0b89c75-45b8-4b04-bfd7-25bfe9ed040b','Guillaume Budé',0,0,'47a073b9-cc8e-4ec4-9ab0-b9ba289db498','Jacques Toussain',0,0,'77 A Jacques Toussain, Amboise, 20 novembre 1520. Lettre grecque.','1520','11','20','1520-11-20',0,'1520','11','20','1520-11-20','20 novembre 1520',0,0,0,'amboise_FR_gid_3037902','Amboise',0,0,'paris_FR_gid_2988507','[Paris]',1,0,'greek','familiar letter','letter_1_to_1',NULL),('gbudé_gueudet_78','78 [Gueudet] // 78 [Delaruelle] // 5 [Lavois/Galibois]','c0b89c75-45b8-4b04-bfd7-25bfe9ed040b','Guillaume Budé',0,0,'4de6dad8-84ae-4acd-9b76-0e2064602f71','G. de Brie',0,0,'78 A G. de Brie, Blois, 2 décembre [1520]. Lettre grecque.','1520','12','02','1520-12-02',0,'1520','12','02','1520-12-02','2 décembre [1520]',1,0,0,'blois_FR_gid_3032213','Blois',0,0,'paris_FR_gid_2988507','[Paris]',1,0,'greek','familiar letter','letter_1_to_1',NULL),('gbudé_gueudet_79','79 [Gueudet] // 79 [Delaruelle] // 6 [Lavois/Galibois]','c0b89c75-45b8-4b04-bfd7-25bfe9ed040b','Guillaume Budé',0,0,'4de6dad8-84ae-4acd-9b76-0e2064602f71','G. de Brie',0,0,'79 A G. de Brie, Blois, 19 décembre [1520]. Lettre grecque.','1520','12','19','1520-12-19',0,'1520','12','19','1520-12-19','19 décembre [1520]',1,0,0,'blois_FR_gid_3032213','Blois',0,0,'paris_FR_gid_2988507','[Paris]',1,0,'greek','familiar letter','letter_1_to_1',NULL),('gbudé_gueudet_80','80 [Gueudet] // 80 [Delaruelle]','c0b89c75-45b8-4b04-bfd7-25bfe9ed040b','Guillaume Budé',0,0,'64788439-39b6-468d-91ed-cbd6d1f9b435','Dreux son fils',0,0,'80 A Dreux son fils, Blois, 23 décembre 1520.','1520','12','23','1520-12-23',0,'1520','12','23','1520-12-23','23 décembre 1520',0,0,0,'blois_FR_gid_3032213','Blois',0,0,'paris_FR_gid_2988507','[Paris]',1,0,'latin','familiar letter','letter_1_to_1',NULL),('gbudé_gueudet_81','81 [Gueudet] // 81 [Delaruelle]','c0b89c75-45b8-4b04-bfd7-25bfe9ed040b','Guillaume Budé',0,0,'64788439-39b6-468d-91ed-cbd6d1f9b435','Dreux son fils',0,0,'81 A Dreux son fils, Blois, 24 décembre 1520.','1520','12','24','1520-12-24',0,'1520','12','24','1520-12-24','24 décembre 1520',0,0,0,'blois_FR_gid_3032213','Blois',0,0,'paris_FR_gid_2988507','[Paris]',1,0,'latin','familiar letter','letter_1_to_1',NULL),('gbudé_gueudet_82','82 [Gueudet] // 82 [Delaruelle] // 43 [Lavois/Galibois]','c0b89c75-45b8-4b04-bfd7-25bfe9ed040b','Guillaume Budé',0,0,'ab74d6de-13e3-4b8b-909a-b9471a2d75f3','Ch. de Longueil',0,0,'82 A Ch. de Longueil, Romorantin, 7 janvier [1521]. Lettre grecque.','1521','01','07','1521-01-07',0,'1521','01','07','1521-01-07','7 janvier [1521]',1,0,0,'romorantin_lanthenay_FR_gid_2982967','Romorantin',0,0,'padova_IT_gid_3171728','[Padova]',1,0,'greek','familiar letter','letter_1_to_1',NULL),('gbudé_gueudet_83','83 [Gueudet] // 83 [Delaruelle]','c0b89c75-45b8-4b04-bfd7-25bfe9ed040b','Guillaume Budé',0,0,'a947e7e4-41f3-4f30-acd3-3cb79fbf5e18','L. Vivès',0,0,'83 A L. Vivès, Romorantin, 10 janvier [1521].','1521','01','10','1521-01-10',0,'1521','01','10','1521-01-10','10 janvier [1521]',1,0,0,'romorantin_lanthenay_FR_gid_2982967','Romorantin',0,0,'leuven_BE_gid_2792482','[Leuven]',1,0,'latin','familiar letter','letter_1_to_1','this is EMLO Work ID 84f8eb7e-786b-419a-9bab-5a60504abb76'),('gbudé_gueudet_84','84 [Gueudet] // 84 [Delaruelle] // 86 [Lavois/Galibois]','c0b89c75-45b8-4b04-bfd7-25bfe9ed040b','Guillaume Budé',0,0,'47a073b9-cc8e-4ec4-9ab0-b9ba289db498','J. Toussain',0,0,'84 A J. Toussain, Romorantin, 27 janvier 1521. Lettre grecque.','1521','01','27','1521-01-27',0,'1521','01','27','1521-01-27','27 janvier 1521',0,0,0,'romorantin_lanthenay_FR_gid_2982967','Romorantin',0,0,'paris_FR_gid_2988507','[Paris]',1,0,'greek','familiar letter','letter_1_to_1',NULL),('gbudé_gueudet_85','85 [Gueudet] // 85 [Delaruelle] // 8 [Lavois/Galibois]','c0b89c75-45b8-4b04-bfd7-25bfe9ed040b','Guillaume Budé',0,0,'4de6dad8-84ae-4acd-9b76-0e2064602f71','G. de Brie',0,0,'85 A G. de Brie, Romorantin, 29 janvier [1521]. Lettre grecque. [le 28 janvier selon Lavoie]','1521','01','29','1521-01-29',0,'1521','01','29','1521-01-29','29 janvier [1521] [le 28 janvier selon Lavoie]',1,0,0,'romorantin_lanthenay_FR_gid_2982967','Romorantin',0,0,'paris_FR_gid_2988507','[Paris]',1,0,'greek','familiar letter','letter_1_to_1',NULL),('gbudé_gueudet_86','86 [Gueudet] // 86 [Delaruelle]','c0b89c75-45b8-4b04-bfd7-25bfe9ed040b','Guillaume Budé',0,0,'639f3ce8-be9f-4993-b200-3fcde3a3b4e9','André Alciat',0,0,'86 A André Alciat, A la cour, 17 mars 1521.','1521','03','17','1521-03-17',0,'1521','03','17','1521-03-17','17 mars 1521',0,0,0,'romorantin_lanthenay_FR_gid_2982967','A la cour',0,0,'avignon_FR_gid_3035681','[Avignon]',1,0,'latin','familiar letter','letter_1_to_1',NULL),('gbudé_gueudet_87','87 [Gueudet] // 87 [Delaruelle]','c0b89c75-45b8-4b04-bfd7-25bfe9ed040b','Guillaume Budé',0,0,'2d56de34-87a0-452a-87bd-27a69ac1e5e5','N. Leonicus',0,0,'87 A N. Leonicus, Romorantin, 18 mars [1521].','1521','03','18','1521-03-18',0,'1521','03','18','1521-03-18','18 mars [1521]',1,0,0,'romorantin_lanthenay_FR_gid_2982967','Romorantin',0,0,'padova_IT_gid_3171728','[Padova]',1,0,'latin','familiar letter','letter_1_to_1',NULL),('gbudé_gueudet_88','88 [Gueudet] // 88 [Delaruelle]','c0b89c75-45b8-4b04-bfd7-25bfe9ed040b','Guillaume Budé',0,0,'64788439-39b6-468d-91ed-cbd6d1f9b435','Dreux son fils',0,0,'88 A Dreux son fils, [A la cour], 6 avril [1521].','1521','04','06','1521-04-06',0,'1521','04','06','1521-04-06','6 avril [1521]',1,0,0,'unknown_location_in_france_FR_gid_unknown','[A la cour]',1,0,'paris_FR_gid_2988507','[Paris]',1,0,'latin','familiar letter','letter_1_to_1',NULL),('gbudé_gueudet_89','89 [Gueudet] // 89 [Delaruelle] // 67 [Lavois/Galibois]','c0b89c75-45b8-4b04-bfd7-25bfe9ed040b','Guillaume Budé',0,0,'08bc2797-a901-4407-8c0d-e39b72becf3f','François Rabelais',0,0,'89 A François Rabelais, Villeneuve en Bourgogne, 12 avril [1521]. Lettre grecque.','1521','04','12','1521-04-12',0,'1521','04','12','1521-04-12','12 avril [1521]',1,0,0,'la_villeneuve_sur_vingeanne_FR_gid_3005488','Villeneuve en Bourgogne',0,0,'fontenay_le_comte_FR_gid_3017921','[Fontenay-le-Comte]',1,0,'greek','familiar letter','letter_1_to_1',NULL),('gbudé_gueudet_90','90 [Gueudet] // 90 [Delaruelle]','c0b89c75-45b8-4b04-bfd7-25bfe9ed040b','Guillaume Budé',0,0,'10f58e5e-e43a-405e-901a-3633cbf82bc9','F. Deloynes',0,0,'90 A F. Deloynes, A la cour, 22 avril [1521].','1521','04','22','1521-04-22',0,'1521','04','22','1521-04-22','22 avril [1521]',1,0,0,'troyes_FR_gid_2971549','A la cour',0,0,'paris_FR_gid_2988507','[Paris]',1,0,'latin','familiar letter','letter_1_to_1',NULL),('gbudé_gueudet_90_1','90-1 [Gueudet] // 49 [Lavois/Galibois]','c0b89c75-45b8-4b04-bfd7-25bfe9ed040b','Guillaume Budé',0,0,'0462ba32-d306-4286-9c4f-2bb98438fa01','G. du Maine',0,0,'90-1 A G. du Maine, Troyes, 24 avril [1521]. Lettre grecque.','1521','04','24','1521-04-24',0,'1521','04','24','1521-04-24','24 avril [1521]',1,0,0,'troyes_FR_gid_2971549','Troyes',0,0,'paris_FR_gid_2988507','[Paris]',1,0,'greek','familiar letter','letter_1_to_1',NULL),('gbudé_gueudet_91','91 [Gueudet] // 91 [Delaruelle] // 50 [Lavois/Galibois]','c0b89c75-45b8-4b04-bfd7-25bfe9ed040b','Guillaume Budé',0,0,'0462ba32-d306-4286-9c4f-2bb98438fa01','G. du Maine',0,0,'91 A G. du Maine, A la cour, 6 mai [1521]. Lettre grecque.','1521','05','06','1521-05-06',0,'1521','05','06','1521-05-06','6 mai [1521]',1,0,0,'mussy_sur_seine_FR_gid_2991095','A la cour',0,0,'paris_FR_gid_2988507','[Paris]',1,0,'greek','familiar letter','letter_1_to_1',NULL),('gbudé_gueudet_92','92 [Gueudet] // 92 [Delaruelle]','c0b89c75-45b8-4b04-bfd7-25bfe9ed040b','Guillaume Budé',0,0,'64788439-39b6-468d-91ed-cbd6d1f9b435','Dreux son fils',0,0,'92 A Dreux son fils, [A la cour], 7 mai [1521].','1521','05','07','1521-05-07',0,'1521','05','07','1521-05-07','7 mai [1521]',1,0,0,'unknown_location_in_france_FR_gid_unknown','[A la cour]',1,0,'paris_FR_gid_2988507','[Paris]',1,0,'latin','familiar letter','letter_1_to_1',NULL),('gbudé_gueudet_92_2','92-2 [Gueudet] // 133 [Delaruelle] // 51 [Lavois/Galibois]','c0b89c75-45b8-4b04-bfd7-25bfe9ed040b','Guillaume Budé',0,0,'0462ba32-d306-4286-9c4f-2bb98438fa01','G. du Maine',0,0,'92-2 A G. du Maine, s.l.n.d. [à la cour, fin 1520-début 1521]. Lettre grecque.','1520',NULL,NULL,'1520-11-01',1,'1521',NULL,NULL,'1521-01-31','n.d. [fin 1520-début 1521]',1,0,0,'unknown_location_in_france_FR_gid_unknown','s.l. [à la cour]',1,0,'paris_FR_gid_2988507','[Paris]',1,0,'greek','familiar letter','letter_1_to_1',NULL),('gbudé_gueudet_93','93 [Gueudet] // 93 [Delaruelle] // 29 [Lavois/Galibois]','c0b89c75-45b8-4b04-bfd7-25bfe9ed040b','Guillaume Budé',0,0,'fa8b4f44-551f-4cc6-a4f7-d5fb957064ae','J. Lascaris',0,0,'93 A J. Lascaris, [à la cour], 11 mai [1521]. Lettre grecque.','1521','05','11','1521-05-11',0,'1521','05','11','1521-05-11','11 mai [1521]',1,0,0,'châtillon_sur_seine_FR_gid_3026046','[à la cour]',1,0,'unknown_location_in_italy_IT_gid_unknown','[Unknown Location in Italy]',1,0,'greek','familiar letter','letter_1_to_1',NULL),('gbudé_gueudet_94','94 [Gueudet] // 94 [Delaruelle] // 69 [Lavois/Galibois]','c0b89c75-45b8-4b04-bfd7-25bfe9ed040b','Guillaume Budé',0,0,'829707c3-cf20-4f7f-8372-1e764b91a566','Claude Robertet',0,0,'94 A Claude Robertet, Dijon, 17 mai [1521]. Lettre grecque.','1521','05','17','1521-05-17',0,'1521','05','17','1521-05-17','17 mai [1521]',1,0,0,'dijon_FR_gid_3021372','Dijon',0,0,'unknown_location_in_france_FR_gid_unknown','[Unknown Location in France]',1,0,'greek','familiar letter','letter_1_to_1',NULL),('gbudé_gueudet_95','95 [Gueudet] // 95 [Delaruelle] // 70 [Lavois/Galibois]','c0b89c75-45b8-4b04-bfd7-25bfe9ed040b','Guillaume Budé',0,0,'6ed9da12-5a86-41ff-ab80-4d849a377bb6','François Robertet',0,0,'95 A François Robertet, Dijon, 17 mai [1521]. Lettre grecque.','1521','05','17','1521-05-17',0,'1521','05','17','1521-05-17','17 mai [1521]',1,0,0,'dijon_FR_gid_3021372','Dijon',0,0,'unknown_location_in_france_FR_gid_unknown','[Unknown Location in France]',1,0,'greek','familiar letter','letter_1_to_1',NULL),('gbudé_gueudet_96','96 [Gueudet] // 96 [Delaruelle] // 102 [Rogers]','c0b89c75-45b8-4b04-bfd7-25bfe9ed040b','Guillaume Budé',0,0,'763f4d64-dffb-40eb-bc45-2fde4992223e','Th. More',0,0,'96 A Th. More, Dijon, 23 mai [1521].','1521','05','23','1521-05-23',0,'1521','05','23','1521-05-23','23 mai [1521]',1,0,0,'dijon_FR_gid_3021372','Dijon',0,0,'london_GB_gid_2643743','[London]',1,0,'latin','familiar letter','letter_1_to_1',NULL),('gbudé_gueudet_98','98 [Gueudet] // 98 [Delaruelle]','c0b89c75-45b8-4b04-bfd7-25bfe9ed040b','Guillaume Budé',0,0,'64788439-39b6-468d-91ed-cbd6d1f9b435','Dreux son fils',0,0,'98 A Dreux son fils, à la cour, 3 juin [1521].','1521','06','03','1521-06-03',0,'1521','06','03','1521-06-03','3 juin [1521]',1,0,0,'dijon_FR_gid_3021372','à la cour',0,0,'paris_FR_gid_2988507','[Paris]',1,0,'latin','familiar letter','letter_1_to_1',NULL),('gbudé_gueudet_99','99 [Gueudet] // 99 [Delaruelle] // 52 [Lavois/Galibois]','c0b89c75-45b8-4b04-bfd7-25bfe9ed040b','Guillaume Budé',0,0,'0462ba32-d306-4286-9c4f-2bb98438fa01','G. du Maine',0,0,'99 A G. du Maine, à la cour (Dijon ?), 3 juin [1521]. Lettre grecque.','1521','06','03','1521-06-03',0,'1521','06','03','1521-06-03','3 juin [1521]',1,0,0,'dijon_FR_gid_3021372','à la cour (Dijon ?)',1,1,'paris_FR_gid_2988507','[Paris]',1,0,'greek','familiar letter','letter_1_to_1',NULL),('gbudé_gueudet_bibl_801','Geuudet App. Bibl. 801','639f3ce8-be9f-4993-b200-3fcde3a3b4e9','André Alciat',0,0,'c0b89c75-45b8-4b04-bfd7-25bfe9ed040b','Guillaume Budé',0,0,'De André Alciat, Avignon, 31 décembre 1520','1520','12','31','1520-12-31',0,'1520','12','31','1520-12-31','31 décembre 1520',0,0,0,'avignon_FR_gid_3035681','Avignon',0,0,'paris_FR_gid_2988507','[Paris]',1,0,'latin','familiar letter','letter_1_to_1',NULL),('gbudé_gueudet_bibl_802','Geuudet App. Bibl. 802','cacec994-3346-4081-bd41-7c3dd391e8e3','Josse Bade',0,0,'c0b89c75-45b8-4b04-bfd7-25bfe9ed040b','Guillaume Budé',0,0,'De Josse Bade, Paris, 22 novembre 1511','1511','11','22','1511-11-21',0,'1511','11','22','1511-11-21','22 novembre 1511',0,0,0,'paris_FR_gid_2988507','Paris',0,0,'paris_FR_gid_2988507','[Paris]',1,0,'latin','dedicatory letter','letter_1_to_1',NULL),('gbudé_gueudet_bibl_803','Geuudet App. Bibl. 803','6c74f250-9958-4274-9196-0441f86051a8','Nicolas Barthélemy',0,0,'c0b89c75-45b8-4b04-bfd7-25bfe9ed040b','Guillaume Budé',0,0,'De Nicolas Barthélemy, s.d.',NULL,NULL,NULL,NULL,1,'1523',NULL,NULL,'1523-06-30','s.d.',0,0,0,'unknown_location_in_france_FR_gid_unknown','[Unknown Location in France]',0,0,'unknown_location_in_france_FR_gid_unknown','[Unknown Location in France]',1,0,'latin','prefatory letter','letter_1_to_1',NULL),('gbudé_gueudet_bibl_804a','Geuudet App. Bibl. 804','3b4c81b2-e0d5-4b14-868d-dfc3b629558b','Pierre Bembo',0,0,'c0b89c75-45b8-4b04-bfd7-25bfe9ed040b','Guillaume Budé',0,0,'De Pierre Bembo, Venise, 4 janvier 1520','1520','01','04','1520-01-04',0,'1520','01','04','1520-01-04','4 janvier 1520',0,0,0,'venice_IT_gid_3164603','Venise',0,0,'marly_la_ville_FR_gid_2995653','[Marly]',1,0,'latin','familiar letter','letter_1_to_1',NULL),('gbudé_gueudet_bibl_804b','Geuudet App. Bibl. 804','3b4c81b2-e0d5-4b14-868d-dfc3b629558b','Pierre Bembo',0,0,'c0b89c75-45b8-4b04-bfd7-25bfe9ed040b','Guillaume Budé',0,0,'De Pierre Bembo, Rome, 6 avril 1521','1521','04','06','1521-04-06',0,'1521','04','06','1521-04-06','6 avril 1521',0,0,0,'rome_IT_gid_3169070','Rome',0,0,'unknown_location_in_france_FR_gid_unknown','[Unknown Location in France]',1,0,'latin','familiar letter','letter_1_to_1',NULL),('gbudé_gueudet_bibl_805','Geuudet App. Bibl. 805','5375f20d-1943-4735-b423-abf59baadfaa','N. Bérault',0,0,'c0b89c75-45b8-4b04-bfd7-25bfe9ed040b','Guillaume Budé',0,0,'De N. Bérault, Saint Genis près de Lyon, 1er décembre [1533]','1533','12','01','1533-12-01',0,'1533','12','01','1533-12-01','1er décembre [1533]',1,0,0,'saint_genis_les_ollières_FR_gid_2979984','Saint Genis près de Lyon',0,0,'unknown_location_in_france_FR_gid_unknown','[Unknown Location in France]',1,0,'latin','familiar letter','letter_1_to_1',NULL),('gbudé_gueudet_bibl_805a','Geuudet App. Bibl. 809','7ef039d3-44a9-4b7a-91d6-974f6bd712cf','Etienne Dolet',0,0,'c0b89c75-45b8-4b04-bfd7-25bfe9ed040b','Guillaume Budé',0,0,'D’ Etienne Dolet, Toulouse, 29 novembre [1533]','1533','11','29','1533-11-29',0,'1533','11','29','1533-11-29','29 novembre [1533]',1,0,0,'toulouse_FR_gid_2972315','Toulouse',0,0,'unknown_location_in_france_FR_gid_unknown','[Unknown Location in France]',1,0,'latin','familiar letter','letter_1_to_1',NULL),('gbudé_gueudet_bibl_805b','Geuudet App. Bibl. 809','7ef039d3-44a9-4b7a-91d6-974f6bd712cf','Etienne Dolet',0,0,'c0b89c75-45b8-4b04-bfd7-25bfe9ed040b','Guillaume Budé',0,0,'D’ Etienne Dolet, Toulouse, 22 avril [1534]','1534','04','22','1534-04-22',0,'1534','04','22','1534-04-22','22 avril [1534]',1,0,0,'toulouse_FR_gid_2972315','Toulouse',0,0,'unknown_location_in_france_FR_gid_unknown','[Unknown Location in France]',1,0,'latin','familiar letter','letter_1_to_1',NULL),('gbudé_gueudet_bibl_805c','Geuudet App. Bibl. 809','7ef039d3-44a9-4b7a-91d6-974f6bd712cf','Etienne Dolet',0,0,'c0b89c75-45b8-4b04-bfd7-25bfe9ed040b','Guillaume Budé',0,0,'D’ Etienne Dolet, Lyon, 22 avril 1536','1536','04','22','1536-04-22',0,'1536','04','22','1536-04-22','22 avril 1536',0,0,0,'lyon_FR_gid_2996944','Lyon',0,0,'unknown_location_in_france_FR_gid_unknown','[Unknown Location in France]',1,0,'latin','familiar letter','letter_1_to_1',NULL),('gbudé_gueudet_bibl_806','Geuudet App. Bibl. 806','dc84f768-ef2a-45f3-95f5-283c3aef9477','J. Binet',0,0,'c0b89c75-45b8-4b04-bfd7-25bfe9ed040b','Guillaume Budé',0,0,'De J. Binet, Bordeaux, s.d.',NULL,NULL,NULL,NULL,1,NULL,NULL,NULL,NULL,'s.d.',0,0,0,'bordeaux_FR_gid_3031582','Bordeaux',0,0,'unknown_location_in_france_FR_gid_unknown','[Unknown Location in France]',1,0,'latin','familiar letter','letter_1_to_1',NULL),('gbudé_gueudet_bibl_807','Geuudet App. Bibl. 807','c2ff0092-c760-430e-a5ff-2430813d1bc6','Charles Bovelles',0,0,'c0b89c75-45b8-4b04-bfd7-25bfe9ed040b','Guillaume Budé',0,0,'De Charles Bovelles, Paris, 8 octobre 1511','1511','10','08','1511-10-08',0,'1511','10','08','1511-10-08','8 octobre 1511',0,0,0,'paris_FR_gid_2988507','Paris',0,0,'paris_FR_gid_2988507','[Paris]',1,0,'latin','dedicatory letter','letter_1_to_1',NULL),('gbudé_gueudet_bibl_809','Geuudet App. Bibl. 809','7ef039d3-44a9-4b7a-91d6-974f6bd712cf','Etienne Dolet',0,0,'c0b89c75-45b8-4b04-bfd7-25bfe9ed040b','Guillaume Budé',0,0,'D’ Etienne Dolet, Lyon, 1er février 1538','1538','02','01','1538-02-01',0,'1538','02','01','1538-02-01','1er février 1538',0,0,0,'lyon_FR_gid_2996944','Lyon',0,0,'unknown_location_in_france_FR_gid_unknown','[Unknown Location in France]',1,0,'latin','familiar letter','letter_1_to_1',NULL),('gbudé_gueudet_bibl_811a','Geuudet App. Bibl. 811','284ed6d5-a734-471e-8134-0a2baafabf9a','Simon Grynée',0,0,'c0b89c75-45b8-4b04-bfd7-25bfe9ed040b','Guillaume Budé',0,0,'De Simon Grynée, Bâle, 18 juin 1530','1530','06','18','1530-06-18',0,'1530','06','18','1530-06-18','18 juin 1530',0,0,0,'basel_CH_gid_2661604','Bâle',0,0,'unknown_location_in_france_FR_gid_unknown','[Unknown Location in France]',1,0,'latin','prefatory letter','letter_1_to_1',NULL),('gbudé_gueudet_bibl_811b','Geuudet App. Bibl. 811','284ed6d5-a734-471e-8134-0a2baafabf9a','Simon Grynée',0,0,'c0b89c75-45b8-4b04-bfd7-25bfe9ed040b','Guillaume Budé',0,0,'De Simon Grynée, Bâle, 20 juillet 1532','1532','07','20','1532-07-20',0,'1532','07','20','1532-07-20','20 juillet 1532',0,0,0,'basel_CH_gid_2661604','Bâle',0,0,'unknown_location_in_france_FR_gid_unknown','[Unknown Location in France]',1,0,'latin','familiar letter','letter_1_to_1',NULL),('gbudé_gueudet_bibl_815','Geuudet App. Bibl. 815','578d0a90-7661-4d9a-a9aa-3563a32bbb33','Guillaume Lefebvre de Loudon',0,0,'c0b89c75-45b8-4b04-bfd7-25bfe9ed040b','Guillaume Budé',0,0,'De Guillaume Lefebvre de Loudon, Poitiers, 28 juillet 1536','1536','07','28','1536-07-28',0,'1536','07','28','1536-07-28','28 juillet 1536',0,0,0,'poitiers_FR_gid_2986495','Poitiers',0,0,'unknown_location_in_france_FR_gid_unknown','[Unknown Location in France]',1,0,'latin','dedicatory letter','letter_1_to_1',NULL),('gbudé_gueudet_bibl_816a','Geuudet App. Bibl. 816','cf3972c3-9700-467a-be0e-d8b2ed95486c','Jacques Lefèvre d’Etaples',0,0,'c0b89c75-45b8-4b04-bfd7-25bfe9ed040b','Guillaume Budé',0,0,'De Jacques Lefèvre d’Etaples, Paris, 1er octobre 1505','1505','10','01','1505-10-01',0,'1505','10','01','1505-10-01','1er octobre 1505',0,0,0,'paris_FR_gid_2988507','Paris',0,0,'paris_FR_gid_2988507','[Paris]',1,0,'latin','dedicatory letter','letter_1_to_1',NULL),('gbudé_gueudet_bibl_816b','Geuudet App. Bibl. 816','cf3972c3-9700-467a-be0e-d8b2ed95486c','Jacques Lefèvre d’Etaples',0,0,'c0b89c75-45b8-4b04-bfd7-25bfe9ed040b','Guillaume Budé',0,0,'De Jacques Lefèvre d’Etaples, s.l., n.d.',NULL,NULL,NULL,NULL,1,'1497',NULL,NULL,'1497-04-11','n.d.',0,0,0,'paris_FR_gid_2988507','s.l. [Paris:CK]',1,0,'unknown_location_in_france_FR_gid_unknown','[Unknown Location in France]',1,0,'latin','dedicatory letter','letter_1_to_1',NULL),('gbudé_gueudet_bibl_816c','Geuudet App. Bibl. 816','cf3972c3-9700-467a-be0e-d8b2ed95486c','Jacques Lefèvre d’Etaples',0,0,'c0b89c75-45b8-4b04-bfd7-25bfe9ed040b','Guillaume Budé',0,0,'De Jacques Lefèvre d’Etaples, s.l., n.d. [avant le 18 mars 1505]',NULL,NULL,NULL,NULL,1,'1505',NULL,NULL,'1505-03-17','n.d. [avant le 18 mars 1505]',1,0,0,'paris_FR_gid_2988507','s.l. [Paris:CK]',1,0,'unknown_location_in_france_FR_gid_unknown','[Unknown Location in France]',1,0,'latin','prefatory letter','letter_1_to_1',NULL),('gbudé_gueudet_bibl_818','Geuudet App. Bibl. 818','323b3987-6b7c-4bbd-853b-abe1dd1f85dd','Thomas Linacre',0,0,'c0b89c75-45b8-4b04-bfd7-25bfe9ed040b','Guillaume Budé',0,0,'De Thomas Linacre, Londres, 10 juin [1517]','1517','06','10','1517-06-10',0,'1517','06','10','1517-06-10','10 juin [1517]',1,0,0,'london_GB_gid_2643743','Londres',0,0,'paris_FR_gid_2988507','[Paris]',1,0,'latin','prefatory letter','letter_1_to_1',NULL),('gbudé_gueudet_bibl_822','Geuudet App. Bibl. 822','96a63010-6201-4f01-a82f-e6108cb30f08','Jacques Sadolet',0,0,'c0b89c75-45b8-4b04-bfd7-25bfe9ed040b','Guillaume Budé',0,0,'De Jacques Sadolet, Rome, 7 décembre [1519]','1519','12','07','1519-12-07',0,'1519','12','07','1519-12-07','7 décembre [1519]',1,0,0,'rome_IT_gid_3169070','Rome',0,0,'marly_la_ville_FR_gid_2995653','[Marly]',1,0,'latin','familiar letter','letter_1_to_1',NULL),('gbudé_gueudet_bibl_823','Geuudet App. Bibl. 823','13a45c10-f345-45b9-a0c9-4567a8d4216a','Jean Salmon',0,0,'c0b89c75-45b8-4b04-bfd7-25bfe9ed040b','Guillaume Budé',0,0,'De Jean Salmon, Blois, 6 juillet [1521]','1521','07','06','1521-07-06',0,'1521','07','06','1521-07-06','6 juillet [1521]',1,0,0,'blois_FR_gid_3032213','Blois',0,0,'unknown_location_in_france_FR_gid_unknown','[Unknown Location in France]',1,0,'latin','familiar letter','letter_1_to_1',NULL),('gbudé_gueudet_bibl_826','Geuudet App. Bibl. 826','418517a8-1de9-44ef-ae62-f596f0b20de8','Jean Vaccaeus',0,0,'c0b89c75-45b8-4b04-bfd7-25bfe9ed040b','Guillaume Budé',0,0,'De Jean Vaccaeus, s.l., n.d.',NULL,NULL,NULL,NULL,1,'1523',NULL,NULL,'1523-02-28','n.d.',0,0,0,'unknown_location_XX_gid_unknown','s.l.',0,0,'unknown_location_in_france_FR_gid_unknown','[Unknown Location in France]',1,0,'latin','dedicatory letter','letter_1_to_1',NULL),('gbudé_gueudet_bibl_828','Geuudet App. Bibl. 828','050b6df0-f7cc-45ca-8efc-af897191fb4c','Nicolas Volcyre de Sérouville',0,0,'c0b89c75-45b8-4b04-bfd7-25bfe9ed040b','Guillaume Budé',0,0,'De Nicolas Volcyre de Sérouville, Paris, 3 novembre 1526','1526','11','03','1526-11-03',0,'1526','11','03','1526-11-03','3 novembre 1526',0,0,0,'paris_FR_gid_2988507','Paris',0,0,'unknown_location_in_france_FR_gid_unknown','[Unknown Location in France]',1,0,'latin','prefatory letter','letter_1_to_1',NULL),('gbudé_gueudet_bibl_829','Geuudet App. Bibl. 829','a9779b0b-cb2b-4a48-84c4-940449ef5c3c','Ulrich Zasius',0,0,'c0b89c75-45b8-4b04-bfd7-25bfe9ed040b','Guillaume Budé',0,0,'De Ulrich Zasius, Fribourg-en-Brisgau, 1er septembre 1519','1519','09','01','1519-09-01',0,'1519','09','01','1519-09-01','1er septembre 1519',0,0,0,'freiburg_DE_gid_2925177','Fribourg-en-Brisgau',0,0,'marly_la_ville_FR_gid_2995653','[Marly]',1,0,'latin','familiar letter','letter_1_to_1',NULL),('gbudé_lavoie_1','1 [Lavoie]','c0b89c75-45b8-4b04-bfd7-25bfe9ed040b','Guillaume Budé',0,0,'96b34928-b9ad-4622-a9e5-2bc06a5895ef','Guillaume Cop',0,0,'To Guillaume Cop, <1512>','1512',NULL,NULL,'1512-01-01',1,'1512',NULL,NULL,'1512-12-31','<1512>',1,0,0,'paris_FR_gid_2988507','[Paris]',1,0,'paris_FR_gid_2988507','[Paris]',1,0,'latin','familiar letter','letter_1_to_1',NULL),('gbudé_lg_18','18 [Lavois/Galibois]','d5256b25-70df-48e3-95be-3d290c0a978b','Hermodore Laestarchos',0,0,'c0b89c75-45b8-4b04-bfd7-25bfe9ed040b','Guillaume Budé',0,0,'Ep 18 Laestarchos à Budé. Chios, 15 octobre 1539 [Budé lettres grecques]','1539','10','15','1539-10-15',0,'1539','10','15','1539-10-15','15 octobre 1539',0,0,0,'chíos_GR_gid_259973','Chios',0,0,'paris_FR_gid_2988507','[Paris]',1,0,'greek','familiar letter','letter_1_to_1',NULL),('gbudé_lg_25','25 [Lavois/Galibois]','fa8b4f44-551f-4cc6-a4f7-d5fb957064ae','Jean Lascaris',0,0,'c0b89c75-45b8-4b04-bfd7-25bfe9ed040b','Guillaume Budé',0,0,'Ep 25 Lascaris à Budé. Milan, 13 janvier [1510] [Budé lettres grecques]','1510','01','13','1510-01-13',0,'1510','01','13','1510-01-13','13 janvier [1510]',1,0,0,'milano_IT_gid_3173435','Milan',0,0,'paris_FR_gid_2988507','[Paris]',1,0,'greek','familiar letter','letter_1_to_1',NULL),('gbudé_lg_28','28 [Lavois/Galibois]','fa8b4f44-551f-4cc6-a4f7-d5fb957064ae','Jean Lascaris',0,0,'c0b89c75-45b8-4b04-bfd7-25bfe9ed040b','Guillaume Budé',0,0,'Ep 28 Lascaris à Budé. [entre le 1er novembre 1519 et le 21 février 1520] [Budé lettres grecques]','1519','11','01','1519-11-01',1,'1520','02','21','1520-02-21','[entre le 1er novembre 1519 et le 21 février 1520]',1,0,0,'unknown_location_in_france_FR_gid_unknown','[Unknown Location in France]',0,1,'marly_la_ville_FR_gid_2995653','[Marly]',1,0,'greek','familiar letter','letter_1_to_1',NULL),('gbudé_lg_34','34 [Lavois/Galibois]','fa8b4f44-551f-4cc6-a4f7-d5fb957064ae','Jean Lascaris',0,0,'c0b89c75-45b8-4b04-bfd7-25bfe9ed040b','Guillaume Budé',0,0,'Ep 34 Lascaris à Budé. Venise, 2 août [1524] [Budé lettres grecques]','1524','08','02','1524-08-02',0,'1524','08','02','1524-08-02','2 août [1524]',1,0,0,'venice_IT_gid_3164603','Venise',0,0,'unknown_location_in_france_FR_gid_unknown','[Unknown Location in France]',1,0,'greek','familiar letter','letter_1_to_1',NULL),('gbudé_lg_36','36 [Lavois/Galibois]','fa8b4f44-551f-4cc6-a4f7-d5fb957064ae','Jean Lascaris',0,0,'c0b89c75-45b8-4b04-bfd7-25bfe9ed040b','Guillaume Budé',0,0,'Ep 36 Lascaris à Budé. [Début de l\'été 1528] [Budé lettres grecques]','1528',NULL,NULL,'1528-06-01',1,'1528',NULL,NULL,'1528-07-30','[Début de l\'été 1528]',1,0,1,'unknown_location_in_italy_IT_gid_unknown','[Unknown Location in Italy]',0,1,'unknown_location_in_france_FR_gid_unknown','[Unknown Location in France]',1,0,'greek','familiar letter','letter_1_to_1','for the end of the date range cf. Budé lettres grecques, 169 n. 7 // June 1 was chosen for the beginning of the date range // for Rome as the probable place of dispatch cf. COE II, 293'),('gbudé_lg_38','38 [Lavois/Galibois]','79967779-cb99-4aa1-b497-38cfd7fa9f89','Louis Le Roy',0,0,'c0b89c75-45b8-4b04-bfd7-25bfe9ed040b','Guillaume Budé',0,0,'Ep 38 Le Roy à Budé. Toulouse, 8 janvier 1536 [Budé lettres grecques]','1536','01','08','1536-01-08',0,'1536','01','08','1536-01-08','8 janvier 1536',0,0,0,'toulouse_FR_gid_2972315','Toulouse',0,0,'unknown_location_in_france_FR_gid_unknown','[Unknown Location in France]',1,0,'greek','familiar letter','letter_1_to_1',NULL),('gbudé_lg_41','41 [Lavois/Galibois]','ab74d6de-13e3-4b8b-909a-b9471a2d75f3','Christophe de Longueil',0,0,'c0b89c75-45b8-4b04-bfd7-25bfe9ed040b','Guillaume Budé',0,0,'Ep 41 Longueil à Budé. Padoue, 31 août [1520] [Budé lettres grecques]','1520','08','31','1520-08-31',0,'1520','08','31','1520-08-31','31 août [1520]',1,0,0,'padova_IT_gid_3171728','Padoue',0,0,'unknown_location_in_france_FR_gid_unknown','[Unknown Location in France]',1,0,'greek','familiar letter','letter_1_to_1',NULL),('gbudé_lg_42','42 [Lavois/Galibois]','ab74d6de-13e3-4b8b-909a-b9471a2d75f3','Christophe de Longueil',0,0,'c0b89c75-45b8-4b04-bfd7-25bfe9ed040b','Guillaume Budé',0,0,'Ep 42 Longueil à Budé Padoue, 5 décembre [1520] [Budé lettres grecques]','1520','12','05','1520-12-05',0,'1520','12','05','1520-12-05','5 décembre [1520]',1,0,0,'padova_IT_gid_3171728','Padoue',0,0,'unknown_location_in_france_FR_gid_unknown','[Unknown Location in France]',1,0,'greek','familiar letter','letter_1_to_1',NULL),('gbudé_lg_44','44 [Lavois/Galibois]','ab74d6de-13e3-4b8b-909a-b9471a2d75f3','Christophe de Longueil',0,0,'c0b89c75-45b8-4b04-bfd7-25bfe9ed040b','Guillaume Budé',0,0,'Ep 44 Longueil à Budé. Padoue, 25 janvier [1521] [Budé lettres grecques]','1521','01','25','1521-01-25',0,'1521','01','25','1521-01-25','25 janvier [1521]',1,0,0,'padova_IT_gid_3171728','Padoue',0,0,'romorantin_lanthenay_FR_gid_2982967','[Romorantin Lanthenay]',1,0,'greek','familiar letter','letter_1_to_1',NULL),('gbudé_lg_66','66 [Lavois/Galibois]','08bc2797-a901-4407-8c0d-e39b72becf3f','François Rabelais',0,0,'c0b89c75-45b8-4b04-bfd7-25bfe9ed040b','Guillaume Budé',0,0,'Ep 66 Rabelais à Budé. Fontenay, 4 mars [1521] [Budé lettres grecques]','1521','03','04','1521-03-04',0,'1521','03','04','1521-03-04','4 mars [1521]',1,0,0,'fontenay_le_comte_FR_gid_3017921','Fontenay',0,0,'romorantin_lanthenay_FR_gid_2982967','[Romorantin Lanthenay]',1,0,'greek','familiar letter','letter_1_to_1',NULL),('gbudé_lg_7','7 [Lavois/Galibois]','4de6dad8-84ae-4acd-9b76-0e2064602f71','Germain de Brie',0,0,'c0b89c75-45b8-4b04-bfd7-25bfe9ed040b','Guillaume Budé',0,0,'Ep 7 De Brie à Budé. Paris, 20 décembre 1520 [Budé lettres grecques]','1520','12','20','1520-12-20',0,'1520','12','20','1520-12-20','20 décembre 1520',0,0,0,'paris_FR_gid_2988507','Paris',0,0,'blois_FR_gid_3032213','[Blois]',1,0,'greek','familiar letter','letter_1_to_1',NULL),('gbudé_lg_87','87 [Lavois/Galibois]','47a073b9-cc8e-4ec4-9ab0-b9ba289db498','Jacques Toussain',0,0,'c0b89c75-45b8-4b04-bfd7-25bfe9ed040b','Guillaume Budé',0,0,'Ep 87 Toussain à Budé. Bonnefont, 24 août [1524] [Budé lettres grecques]','1524','08','24','1524-08-24',0,'1524','08','24','1524-08-24','24 août [1524]',1,0,0,'bonnefont_FR_gid_3031759','Bonnefont',0,0,'unknown_location_in_france_FR_gid_unknown','[Unknown Location in France]',1,0,'greek','familiar letter','letter_1_to_1',NULL),('gbudé_lg_9','9 [Lavois/Galibois]','4de6dad8-84ae-4acd-9b76-0e2064602f71','Germain de Brie',0,0,'c0b89c75-45b8-4b04-bfd7-25bfe9ed040b','Guillaume Budé',0,0,'Ep 9 De Brie à Budé. Paris, 31 janvier 1521 [Budé lettres grecques]','1521','01','31','1521-01-31',0,'1521','01','31','1521-01-31','31 janvier 1521',0,0,0,'paris_FR_gid_2988507','Paris',0,0,'romorantin_lanthenay_FR_gid_2982967','[Romorantin Lanthenay]',1,0,'greek','familiar letter','letter_1_to_1',NULL),('gbudé_rogers_65','65 [Rogers]','763f4d64-dffb-40eb-bc45-2fde4992223e','Thomas More',0,0,'c0b89c75-45b8-4b04-bfd7-25bfe9ed040b','William Budeaus',0,0,'To William Budeaus, <c. August 1518>','1518','08',NULL,'1518-08-01',1,'1518','08',NULL,'1518-08-31','<c. August 1518>',1,1,0,'unknown_location_in_england_GB_gid_unknown','[Unknown Location in England]',0,1,'paris_FR_gid_2988507','[Paris]',1,0,'latin','familiar letter','letter_1_to_1',NULL),('gbudé_rogers_68','68 [Rogers]','763f4d64-dffb-40eb-bc45-2fde4992223e','Thomas More',0,0,'c0b89c75-45b8-4b04-bfd7-25bfe9ed040b','William Budeaus',0,0,'To William Budeaus, At Court, <c. December 1518>','1518','12',NULL,'1518-12-01',1,'1518','12',NULL,'1518-12-31','<c. December 1518>',1,1,0,'unknown_location_in_england_GB_gid_unknown','At Court',0,1,'paris_FR_gid_2988507','[Paris]',1,0,'latin','familiar letter','letter_1_to_1',NULL),('gbudé_rogers_96','96 [Rogers]','763f4d64-dffb-40eb-bc45-2fde4992223e','Thomas More',0,0,'c0b89c75-45b8-4b04-bfd7-25bfe9ed040b','William Budeaus',0,0,'To William Budeaus, <Calais, c. June 1520>','1520','06',NULL,'1520-06-01',1,'1520','06',NULL,'1520-06-30','<c. June 1520>',1,1,0,'calais_FR_gid_3029162','<Calais>',1,0,'unknown_location_in_france_FR_gid_unknown','[Unknown Location in France]',1,0,'latin','familiar letter','letter_1_to_1',NULL),('gbudé_rogers_97','97 [Rogers]','763f4d64-dffb-40eb-bc45-2fde4992223e','Thomas More',0,0,'c0b89c75-45b8-4b04-bfd7-25bfe9ed040b','William Budeaus',0,0,'To William Budeaus, <Calais, c. June 1520>','1520','06',NULL,'1520-06-01',1,'1520','06',NULL,'1520-06-30','<c. June 1520>',1,1,0,'calais_FR_gid_3029162','<Calais>',1,0,'unknown_location_in_france_FR_gid_unknown','[Unknown Location in France]',1,0,'latin','familiar letter','letter_1_to_1',NULL),('gbudé_tournoy_4','4 [Tournoy]','a947e7e4-41f3-4f30-acd3-3cb79fbf5e18','Vives',0,0,'c0b89c75-45b8-4b04-bfd7-25bfe9ed040b','Budé',0,0,'Vives a Budé Louvain, 7 mars <1520>','1520','03','07','1520-03-07',0,'1520','03','07','1520-03-07','7 mars <1520>',1,0,0,'leuven_BE_gid_2792482','Louvain',0,0,'marly_la_ville_FR_gid_2995653','[Marly]',1,0,'latin','familiar letter','letter_1_to_1',NULL),('gbudé_tournoy_8','8 [Tournoy]','a947e7e4-41f3-4f30-acd3-3cb79fbf5e18','Vives',0,0,'c0b89c75-45b8-4b04-bfd7-25bfe9ed040b','Budé',0,0,'Vives a Budé <Bruges, novembre/décembre 1529>','1529','11',NULL,'1529-11-01',1,'1529','12',NULL,'1529-12-31','<novembre/décembre 1529>',1,0,0,'brugge_BE_gid_2800931','<Bruges>',1,0,'paris_FR_gid_2988507','[Paris]',1,0,'latin','familiar letter','letter_1_to_1',NULL),('gbudé_tournoy_9','9 [Tournoy]','a947e7e4-41f3-4f30-acd3-3cb79fbf5e18','Vives',0,0,'c0b89c75-45b8-4b04-bfd7-25bfe9ed040b','Budé',0,0,'Vives a Budé, Bruges, 1 Septembre 1532','1532','09','01','1532-09-01',0,'1532','09','01','1532-09-01','1 Septembre 1532',0,0,0,'brugge_BE_gid_2800931','Bruges',0,0,'paris_FR_gid_2988507','[Paris]',1,0,'latin','familiar letter','letter_1_to_1',NULL);
/*!40000 ALTER TABLE `letters` ENABLE KEYS */;
UNLOCK TABLES;

--
-- Table structure for table `locations`
--

DROP TABLE IF EXISTS `locations`;
/*!40101 SET @saved_cs_client     = @@character_set_client */;
/*!50503 SET character_set_client = utf8mb4 */;
CREATE TABLE `locations` (
  `locations_id` varchar(90) NOT NULL COMMENT 'This column carries the primary key for the table that is also being used as a foreign key for ‘source_loc_id’ and target_loc_id’ in the ‘letters’ table as well as ‘pob_loc_id’ and ‘pod_loc_id’ in the ‘correspondents’ table. ',
  `geonames_id` varchar(90) DEFAULT NULL COMMENT 'This column carries the numeric Geonames ID. For locations for which no Geonames ID is available, the value should be set to “unknown”.',
  `wikidata_id` varchar(45) DEFAULT NULL COMMENT 'This column carries the alphanumeric identifier provided by Wikidata.',
  `emlo_location_id` varchar(100) DEFAULT NULL COMMENT 'This column carries the alphanumeric identifier provided by EMLO.',
  `locations_name_modern` varchar(90) DEFAULT NULL COMMENT 'This column carries the toponym of the location as specified by Geonames.',
  `locations_name_in_edition` varchar(90) DEFAULT NULL COMMENT 'This column carries the name of the location as it appears in the source used for the capturing of the letter’s metadata.',
  `locations_modern_state` varchar(90) DEFAULT NULL COMMENT 'This column carries the name of the modern state the location is situated in as provided by Geonames.',
  `locations_modern_province` varchar(90) DEFAULT NULL COMMENT 'This column carries the name of the modern province of the state the location is situated in as provided by Geonames.',
  `locations_lat` double DEFAULT NULL COMMENT 'This column carries the latitude element of the geographic coordinates of the location as provided by Geonames.',
  `locations_lng` double DEFAULT NULL COMMENT 'This column carries the longitude element of the geographic coordinates of the location as provided by Geonames.',
  `locations_ll_combined` varchar(90) DEFAULT NULL COMMENT 'This column carries the geographic coordinates of the location according to WGS 84 specifications as provided by Geonames.',
  `locations_further_annotation` varchar(200) DEFAULT NULL COMMENT 'This column can carry information on the identification of the place in Geonames and similar information.',
  PRIMARY KEY (`locations_id`)
) ENGINE=InnoDB DEFAULT CHARSET=utf8;
/*!40101 SET character_set_client = @saved_cs_client */;

--
-- Dumping data for table `locations`
--

LOCK TABLES `locations` WRITE;
/*!40000 ALTER TABLE `locations` DISABLE KEYS */;
INSERT INTO `locations` VALUES ('abbaye_saint_vincent_du_mans_FR_gid_unknown','Unknown','Q2820453',NULL,'Abbaye Saint-Vincent du Mans','Abbaye Saint-Vincent du Mans','France','Pays de la Loire',48.0125,0.203611,'48.0125, 0.203611',NULL),('albisola_superiore_IT_gid_6534243','6534243','Q270492',NULL,'Albisola Superiore','Albisola Superiore','Italy','Liguria',44.33889,8.51046,'44.33889, 8.51046',NULL),('albi_FR_gid_3038261','3038261','Q132801',NULL,'Albi','Albi','France','Occitanie',43.9298,2.148,'43.9298, 2.148',NULL),('alzate_brianza_IT_gid_6535114','6535114','Q244038','14e87a47-c21e-44be-a258-6997caa50f6f','Alzate Brianza','Alzate Brianza bei Como','Italy','Lombardy',45.76978,9.18204,'45.76978, 9.18204',NULL),('amboise_FR_gid_3037902','3037902','Q205116',NULL,'Amboise','Amboise','France','Centre-Val de Loire',47.41249,0.98266,'47.41249, 0.98266',NULL),('anderlecht_BE_gid_2803201','2803201','Q12886','e8efee49-8e39-4b07-9d76-d4b826f5ca2c','Anderlecht','Anderlecht','Belgium','Brussels Capital',50.83619,4.31454,'50.83619, 4.31454',NULL),('angers_FR_gid_3037656','3037656','Q38380','c814dd99-90bf-4e5b-bea9-8ec2d862f6f9','Angers','Angers','France','Pays de la Loire',47.47156,-0.55202,'47.47156, -0.55202',NULL),('antwerpen_BE_gid_2803138','2803138','Q12892','a4467856-a6ed-44dc-af00-77d179ae3ae7','Antwerp','Antwerpen','Belgium','Flanders',51.21989,4.40346,'51.21989, 4.40346',NULL),('ardres_FR_gid_3037113','3037113','Q262456','61c5a8c0-4ec0-47bb-838a-b06ef22819b3','Ardres','Ardres','France','Hauts-de-France',50.85786,1.98168,'50.85786, 1.98168',NULL),('asse_BE_gid_2803033','2803033','Q515710','16ea8f85-a653-4006-9a20-edb993ac6085','Asse','d\'Asche bei Brüssel','Belgium','Flanders',50.91011,4.19836,'50.91011, 4.19836',NULL),('autun_FR_gid_3035883','3035883','Q190827',NULL,'Autun','Autun','France','Bourgogne-Franche-Comté',46.95104,4.29869,'46.95104, 4.29869',NULL),('auxerre_FR_gid_3035843','3035843','Q167600','ff6a6819-1541-4815-bc22-e093c41bf574','Auxerre','Auxerre','France','Bourgogne-Franche-Comté',47.8,3.56667,'47.8, 3.56667',NULL),('avignon_FR_gid_3035681','3035681','Q6397','6c1a7b22-586e-4e93-be67-1117a0495817','Avignon','Avignon','France','Provence-Alpes-Côte d\'Azur',43.94834,4.80892,'43.94834, 4.80892',NULL),('basel_CH_gid_2661604','2661604','Q78','3254f805-77ac-4ee3-acc8-6f8803794012','Basel','Basel','Switzerland','Basel-City',47.5584,7.57327,'47.5584, 7.57327',NULL),('beaugency_FR_gid_3034297','3034297','Q429910',NULL,'Beaugency','Beaugency, near Orléans','France','Centre-Val de Loire',47.78019,1.62705,'47.78019, 1.62705',NULL),('beaulieu_lès_loches_FR_gid_3034245','3034245','Q1136125',NULL,'Beaulieu-lès-Loches','Beaulieu-lès-Loches','France','Centre-Val de Loire',47.12526,1.01585,'47.12526, 1.01585',NULL),('blois_FR_gid_3032213','3032213','Q160927','6a73ae8d-b54a-4faf-9cd7-5cc0c2af70bc','Blois','Blois','France','Centre-Val de Loire',47.58333,1.33333,'47.58333, 1.33333',NULL),('bonnefont_FR_gid_3031759','3031759','Q1092724',NULL,'Bonnefont','Bonnefont','France','Occitanie',43.24983,0.34476,'43.24983, 0.34476',NULL),('bordeaux_FR_gid_3031582','3031582','Q1479','53485726-d65d-4191-8158-b1f45aa34a25','Bordeaux','Bordeaux','France','Nouvelle-Aquitaine',44.84044,-0.5805,'44.84044, -0.5805',NULL),('bouchain_FR_gid_3031380','3031380','Q632348','759f32ef-1b5e-49aa-945a-3004c24a022b','Bouchain','[Bouchain :CK]','France','Hauts-de-France',50.28519,3.31491,'50.28519, 3.31491',NULL),('bourges_FR_gid_3031005','3031005','Q132404','d8999686-0217-4f76-897c-5193a98526c2','Bourges','Bourges','France','Centre-Val de Loire',47.08333,2.4,'47.08333, 2.4',NULL),('brugge_BE_gid_2800931','2800931','Q12994','c2ca9023-26f6-45a4-8312-5df070b673a9','Bruges','Bruges','Belgium','Flanders',51.20892,3.22424,'51.20892, 3.22424',NULL),('brussels_BE_gid_2800866','2800866','Q239','a774a57f-6fc4-4136-b541-90b0fc3275c4','Brussels','Brussels','Belgium','Brussels Capital',50.85045,4.34878,'50.85045, 4.34878',NULL),('calais_FR_gid_3029162','3029162','Q6454','a37a248e-52ac-456e-8e7a-df991256fcdc','Calais','Calais','France','Hauts-de-France',50.95194,1.85635,'50.95194, 1.85635',NULL),('cambridge_GB_gid_2653941','2653941','Q350','97e0ef3c-9f15-4f64-8a32-3d3fa9dcf853','Cambridge','Cambridge','United Kingdom','England',52.2,0.11667,'52.2, 0.11667',NULL),('carpentras_FR_gid_3028542','3028542','Q202560','2dbe6167-1bf4-40d5-a095-83a9b3b1e4f7','Carpentras','Carpentras','France','Provence-Alpes-Côte d\'Azur',44.05,5.05,'44.05, 5.05',NULL),('caudebec_en_caux_FR_gid_3028215','3028215','Q640089',NULL,'Caudebec-en-Caux','Caudebec','France','Normandy',49.52577,0.72561,'49.52577, 0.72561',NULL),('châtillon_sur_seine_FR_gid_3026046','3026046','Q244707',NULL,'Châtillon-sur-Seine','[Châtillon-sur-Seine :CK]','France','Bourgogne-Franche-Comté',47.85851,4.57375,'47.85851, 4.57375',NULL),('chíos_GR_gid_259973','259973','Q748832',NULL,'Chios','Chios','Greece','North Aegean',38.36778,26.13583,'38.36778, 26.13583',NULL),('cognac_FR_gid_3024440','3024440','Q285',NULL,'Cognac','Cognac','France','Nouvelle-Aquitaine',45.7,-0.33333,'45.7, -0.33333',NULL),('cologna_veneta_IT_gid_3178288','3178288',NULL,NULL,'Cologna Veneta','Cologna Veneta','Italy','Veneto',45.30777,11.38032,'45.30777, 11.38032',NULL),('coutances_FR_gid_3022826','3022826','Q202565',NULL,'Coutances','Coutances','France','Normandy',49.04541,-1.44518,'49.04541, -1.44518',NULL),('dijon_FR_gid_3021372','3021372','Q7003','bd769dc7-5147-42cd-9700-325e627945f0','Dijon','Dijon','France','Bourgogne-Franche-Comté',47.31667,5.01667,'47.31667, 5.01667',NULL),('élincourt_FR_gid_3020293','3020293','Q737969',NULL,'Élincourt','[Élincourt :CK]','France','Hauts-de-France',50.04475,3.37125,'50.04475, 3.37125',NULL),('ensisheim_FR_gid_3020152','3020152','Q455645','327fbdde-1063-4208-8da2-3415245f508c','Ensisheim','Ensisheim','France','Grand Est',47.86695,7.35212,'47.86695, 7.35212',NULL),('étaples_FR_gid_3019441','3019441','Q273522',NULL,'Étaples','Étaples in Picardy','France','Hauts-de-France',50.52194,1.63319,'50.52194, 1.63319',NULL),('florence_IT_gid_3176959','3176959','Q2044','e516929c-1183-45d7-a00b-48c174ce8d5f','Florence','Florence','Italy','Tuscany',43.77925,11.24626,'43.77925, 11.24626',NULL),('fontainebleau_palace_FR_gid_7535589','7535589','Q201428','6fee122d-6a0e-4691-8f7d-a359e1d0ea4c','Palace of Fontainebleau','Palace of Fontainebleau','France','Île-de-France',48.40222,2.70056,'48.40222, 2.70056',NULL),('fontenay_le_comte_FR_gid_3017921','3017921','Q213497','afb8518b-2056-49ce-8fdd-1ad051124bae','Fontenay-le-Comte','Fontenay-le-Comte','France','Pays de la Loire',46.46667,-0.81667,'46.46667, -0.81667',NULL),('frankfurt_am_main_DE_gid_2925533','2925533','Q1794','7fd0970e-bae1-4865-bdbf-e993d1bfa883','Frankfurt am Main','Frankfurt','Germany','Hesse',50.11552,8.68417,'50.11552, 8.68417',NULL),('freiburg_DE_gid_2925177','2925177','Q2833','8fc7fd47-a0ab-4591-aab4-44a642b6b389','Freiburg im Breisgau','Freiburg','Germany','Baden-Wurttemberg',47.9959,7.85222,'47.9959, 7.85222',NULL),('genoa_IT_gid_3176219','3176219','Q1449','d54ee1fe-ff79-41ef-a851-28bc8ea67b03','Genoa','Genoa','Italy','Liguria',44.4264,8.91519,'44.4264, 8.91519',NULL),('hackforth_GB_gid_2647701','2647701','Q4362927',NULL,'Hackforth','Hackforth, near Catterick','United Kingdom','England',54.33657,-1.62563,'54.33657, -1.62563',NULL),('İstanbul_TR_gid_745044','745044','Q406','f6ef025c-fe69-4939-b98e-e0ddcf2cb166','Istanbul','Constantinople','Turkey','Istanbul',41.01384,28.94966,'41.01384, 28.94966',NULL),('köln_DE_gid_2886242','2886242','Q365','d9b29744-9a05-49d8-babd-7837aa09f998','Cologne','Cologne','Germany','North Rhine-Westphalia',50.93333,6.95,'50.93333, 6.95',NULL),('konstanz_DE_gid_2885679','2885679','Q3834','9d77b933-b413-4312-9cb8-2a19810c3620','Konstanz','Konstanz','Germany','Baden-Wurttemberg',47.66033,9.17582,'47.66033, 9.17582',NULL),('lambeth_GB_gid_6545250','6545250','Q148349','466fe88c-5304-453c-a127-6b6c908cf6e2','Lambeth','Lambeth','United Kingdom','England',51.49635,-0.11152,'51.49635, -0.11152',NULL),('la_villeneuve_sur_vingeanne_FR_gid_3005488','3005488','Q59164330',NULL,'La Villeneuve-sur-Vingeanne','Villeneuve-en-Bourgogne','France','Bourgogne-Franche-Comté',47.56314,5.42329,'47.56314, 5.42329',NULL),('leuven_BE_gid_2792482','2792482','Q118958','5f02c010-ab88-48a8-be99-17a33c460458','Leuven','Louvain','Belgium','Flanders',50.87959,4.70093,'50.87959, 4.70093',NULL),('liesse_notre_dame_FR_gid_2998460','2998460','Q846716',NULL,'Liesse-Notre-Dame','[Liesse-Notre-Dame :CK]','France','Hauts-de-France',49.61667,3.8,'49.61667, 3.8',NULL),('loches_FR_gid_2997996','2997996','Q213349','861c3032-7287-4459-b339-b4f757e96103','Loches','Loches (Indre-et-Loire)','France','Centre-Val de Loire',47.12858,0.99522,'47.12858, 0.99522',NULL),('london_GB_gid_2643743','2643743','Q84','283a71a7-cf68-4832-a381-9bf5388e1860','London','London','United Kingdom','England',51.50853,-0.12574,'51.50853, -0.12574',NULL),('loudun_FR_gid_2997457','2997457','Q829358','9c64d529-0cb8-45f2-8d8e-91ab8e603010','Loudun','Loudun (Vienne)','France','Nouvelle-Aquitaine',47.00788,0.08296,'47.00788, 0.08296',NULL),('lyon_FR_gid_2996944','2996944','Q456','7c517c9c-2bc3-4704-8068-ee739897fd00','Lyon','Lyon','France','Auvergne-Rhône-Alpes',45.74846,4.84671,'45.74846, 4.84671',NULL),('marly_la_ville_FR_gid_2995653','2995653','Q1411294','63c03e06-1f5a-484b-882a-033e27e61777','Marly-la-Ville','Marly','France','Île-de-France',49.08201,2.50347,'49.08201, 2.50347',NULL),('mechelen_BE_gid_2791537','2791537','Q162022','29053653-b038-4e4b-9d46-57e46bee6094','Mechelen','Mechelen','Belgium','Flanders',51.02574,4.47762,'51.02574, 4.47762',NULL),('metz_FR_gid_2994160','2994160','Q22690','4e79bbd9-876e-4d1f-b1e8-04651cd4dda4','Metz','Metz','France','Grand Est',49.11911,6.17269,'49.11911, 6.17269',NULL),('milano_IT_gid_3173435','3173435','Q490','e2360578-72bf-46a0-a35c-a5b7a3d95f07','Milan','Milan','Italy','Lombardy',45.46427,9.18951,'45.46427, 9.18951',NULL),('modena_IT_gid_3173331','3173331','Q279','9d319530-65cb-417a-aae4-d726822b71a5','Modena','Modena','Italy','Emilia-Romagna',44.64783,10.92539,'44.64783, 10.92539',NULL),('moncontour_FR_gid_2993379','2993379','Q274148',NULL,'Moncontour','Moncontour','France','Brittany',48.35955,-2.63404,'48.35955, -2.63404',NULL),('montpellier_FR_gid_2992166','2992166','Q6441','9821ebcf-054c-4f0b-a97c-367e0c56e34a','Montpellier','Montpellier','France','Occitanie',43.61092,3.87723,'43.61092, 3.87723',NULL),('murcia_ES_gid_2513416','2513416','Q12225',NULL,'Murcia','Murcie, Espagne','Spain','Murcia',37.98704,-1.13004,'37.98704, -1.13004',NULL),('mussy_sur_seine_FR_gid_2991095','2991095','Q740144',NULL,'Mussy-sur-Seine','Mussy','France','Grand Est',47.97791,4.49743,'47.97791, 4.49743',NULL),('nérac_DE_gid_2990780','2990780','Q210769','84318102-f9ae-4591-9650-1f2b63442481','Nérac','Nérac','France','Nouvelle-Aquitaine',44.13333,0.35,'44.13333, 0.35',NULL),('noyon_FR_gid_2989877','2989877','Q49831',NULL,'Noyon','Noyon','France','Hauts-de-France',49.58333,3,'49.58333, 3',NULL),('nuits_saint_georges_FR_gid_2989837','2989837','Q16622',NULL,'Nuits-Saint-Georges','Nuits','France','Bourgogne-Franche-Comté',47.13683,4.949,'47.13683, 4.949',NULL),('orléans_FR_gid_2989317','2989317','Q6548','90e31530-9678-4ad3-9ff9-77329fcd4b9b','Orléans','Orléans','France','Centre-Val de Loire',47.90289,1.90389,'47.90289, 1.90389',NULL),('padova_IT_gid_3171728','3171728','Q617','f890d861-0f88-4b0e-a03d-62b589cd07cb','Padua','Padua','Italy','Veneto',45.40797,11.88586,'45.40797, 11.88586',NULL),('paris_FR_gid_2988507','2988507','Q90','0d3cfe92-75a3-4ec3-b66e-3243ba783b6d','Paris','Paris','France','Île-de-France',48.85341,2.3488,'48.85341, 2.3488',NULL),('pavia_IT_gid_3171366','3171366','Q6259','79651d1a-055e-40fe-b179-576dfa52b43f','Pavia','[Pavia]','Italy','Lombardy',45.19205,9.15917,'45.19205, 9.15917',NULL),('pierrelatte_FR_gid_2987259','2987259','Q324027',NULL,'Pierrelatte','Pierrelatte','France','Auvergne-Rhône-Alpes',44.37756,4.70198,'44.37756, 4.70198',NULL),('poitiers_FR_gid_2986495','2986495','Q6616','9bb0e626-a446-4235-8822-d3466363d2d3','Poitiers','Poitiers','France','Nouvelle-Aquitaine',46.58261,0.34348,'46.58261, 0.34348',NULL),('pontfaverger_moronvilliers_FR_gid_2986186','2986186','Q1598127',NULL,'Pontfaverger-Moronvilliers','[Pontfaverger-Moronvilliers :CK]','France','Grand Est',49.29702,4.31657,'49.29702, 4.31657',NULL),('rambouillet_FR_gid_2984513','2984513','Q191119','e6240f32-c048-4bf8-803f-eb4ee979f5d5','Rambouillet','Rambouillet','France','Île-de-France',48.65,1.83333,'48.65, 1.83333',NULL),('reims_FR_gid_2984114','2984114','Q41876','dd823a28-8047-42b8-ab44-ba1c76bf82b2','Reims','Reims','France','Grand Est',49.25,4.03333,'49.25, 4.03333',NULL),('rodez_FR_gid_2983154','2983154','Q188780',NULL,'Rodez','Rodez','France','Occitanie',44.35258,2.57338,'44.35258, 2.57338',NULL),('rome_IT_gid_3169070','3169070','Q220','ae5440ad-0030-41ed-b2e3-c74d8b57d854','Rome','Rome','Italy','Lazio',41.89193,12.51133,'41.89193, 12.51133',NULL),('romorantin_lanthenay_FR_gid_2982967','2982967','Q214600','8ae04c3d-7062-4962-8bd6-85ad158a5e90','Romorantin-Lanthenay','Romorantin','France','Centre-Val de Loire',47.36667,1.75,'47.36667, 1.75',NULL),('rotterdam_NL_gid_2747891','2747891','Q34370','6674b831-b714-4e11-b58b-1ad4430f8ac7','Rotterdam','Rotterdam','Netherlands','South Holland',51.9225,4.47917,'51.9225, 4.47917',NULL),('rouen_FR_gid_2982652','2982652','Q30974','cb5c5658-21e7-4892-910b-a572dda88e53','Rouen','Rouen','France','Normandy',49.44313,1.09932,'49.44313, 1.09932',NULL),('saint_genis_les_ollières_FR_gid_2979984','2979984','Q684659',NULL,'Saint-Genis-les-Ollières','Saint Genis près de Lyon','France','Auvergne-Rhône-Alpes',45.7571,4.72625,'45.7571, 4.72625',NULL),('saint_germain_en_laye_FR_gid_2979783','2979783','Q185075','2b888dec-cbc1-4093-baa7-457cc8bc2f25','Saint-Germain-en-Laye','Saint-Germain-en-Laye','France','Île-de-France',48.9,2.08333,'48.9, 2.08333',NULL),('saint_thierry_FR_gid_2976774','2976774','Q656519',NULL,'Saint-Thierry','[Saint-Thierry-lès-Reims :CK]','France','Grand Est',49.30546,3.96565,'49.30546, 3.96565',NULL),('sancourt_FR_gid_2976240','2976240','Q758884',NULL,'Sancourt','Sancourt, village de Picardie','France','Hauts-de-France',49.77355,3.03826,'49.77355, 3.03826',NULL),('sankt_gallen_CH_gid_2658822','2658822','Q25607','1d0548c2-8d3d-4d0e-ad5a-d5cc3dd9cf4e','Saint Gallen','St Gallen','Switzerland','Saint Gallen',47.42391,9.37477,'47.42391, 9.37477',NULL),('serrouville_FR_gid_2974798','2974798','Q952387',NULL,'Serrouville','Serrouville (près Briey)','France','Grand Est',49.39904,5.88846,'49.39904, 5.88846',NULL),('toulouse_FR_gid_2972315','2972315','Q7880','b36eb437-3c6c-402f-a75d-f907b9210584','Toulouse','Toulouse','France','Occitanie',43.60426,1.44367,'43.60426, 1.44367',NULL),('tournon_sur_rhône_FR_gid_2972214','2972214','Q213155','13d6b0bb-1ac0-42bc-8ab3-98a2da46b65e','Tournon-sur-Rhône','Tournon','France','Auvergne-Rhône-Alpes',45.06667,4.83333,'45.06667, 4.83333',NULL),('troyes_FR_gid_2971549','2971549','Q5489','759aa54f-be33-426d-8f6f-f938e73171aa','Troyes','Troyes','France','Grand Est',48.3,4.08333,'48.3, 4.08333',NULL),('unknown_location_champagne_ardenne_FR_gid_unknown','Unknown',NULL,NULL,'Unknown Location in Champagne-Ardenne','[Unknown Location in Champagne-Ardenne]','France','Grand Est',NULL,NULL,NULL,NULL),('unknown_location_diocese_of_canterbury_GB_gid_unknown','Unknown',NULL,NULL,'Unknown Location in the Diocese of Canterbury','probably born in the diocese of Canterbury','United Kingdom','England',NULL,NULL,NULL,NULL),('unknown_location_diocese_of_troyes_FR_gid_unknown','Unknown',NULL,NULL,'Unknown Location in the Diocese of Troyes','Unknown, in the diocese of Troyes','France','Grand Est',NULL,NULL,NULL,NULL),('unknown_location_in_england_GB_gid_unknown','Unknown',NULL,NULL,'Unknown Location in England','Unknown Location in England','United Kingdom','England',NULL,NULL,NULL,NULL),('unknown_location_in_france_FR_gid_unknown','Unknown',NULL,NULL,'Unknown Location in France','[Unknown Location in France]','France','Unknown',NULL,NULL,NULL,NULL),('unknown_location_in_hampshire_GB_gid_unknown','Unknown',NULL,NULL,'Unknown Location in Hampshire','prob. Hampshire, in/near Winchester','United Kingdom','England',NULL,NULL,NULL,NULL),('unknown_location_in_italy_IT_gid_unknown','Unknown',NULL,NULL,'Unknown Location in Italy','[Unknown Location in Italy]','Italy','Unknown',NULL,NULL,NULL,NULL),('unknown_location_picardie_FR_gid_unknown','Unknown',NULL,NULL,'Unknown Location in Picardie','[Unknown Location in Picardie]','France','Hauts-de-France',NULL,NULL,NULL,NULL),('unknown_location_XX_gid_unknown','Unknown',NULL,NULL,'Unknown','Unknown','Unknown','Unknown',NULL,NULL,NULL,NULL),('valencia_ES_gid_2509954','2509954','Q8818','3708381a-0a23-4d4a-bb22-d7adec2186c6','Valencia','Valencia','Spain','Valencia',39.46975,-0.37739,'39.46975, -0.37739',NULL),('venice_IT_gid_3164603','3164603','Q641','3cd4a6dc-be16-45a6-b06f-1cb30158b4a6','Venice','Venice','Italy','Veneto',45.43713,12.33265,'45.43713, 12.33265',NULL),('veringendorf_DE_gid_2817582','2817582','Q82304',NULL,'Veringendorf','Veringendorf','Germany','Baden-Wurttemberg',48.15784,9.20277,'48.15784, 9.20277',NULL),('wendelstein_DE_gid_2811292','2811292','Q522236',NULL,'Wendelstein','Wendelstein bei Schwabach/Mittelfranken','Germany','Bavaria',49.3523,11.15069,'49.3523, 11.15069',NULL),('wrocław_PL_gid_3081368','3081368','Q1799','a3630049-f32e-4e7c-82bf-ab64d792ccbb','Wroclaw','Wrocław','Poland','Lower Silesia',51.1,17.03333,'51.1, 17.03333',NULL),('zakynthos_GR_gid_251280','251280','Q144869','b241ba39-a138-4189-b1ae-d8afdef113c5','Zakynthos','Zakynthos','Greece','Ionian Islands',37.78022,20.89555,'37.78022, 20.89555',NULL);
/*!40000 ALTER TABLE `locations` ENABLE KEYS */;
UNLOCK TABLES;
/*!40103 SET TIME_ZONE=@OLD_TIME_ZONE */;

/*!40101 SET SQL_MODE=@OLD_SQL_MODE */;
/*!40014 SET FOREIGN_KEY_CHECKS=@OLD_FOREIGN_KEY_CHECKS */;
/*!40014 SET UNIQUE_CHECKS=@OLD_UNIQUE_CHECKS */;
/*!40101 SET CHARACTER_SET_CLIENT=@OLD_CHARACTER_SET_CLIENT */;
/*!40101 SET CHARACTER_SET_RESULTS=@OLD_CHARACTER_SET_RESULTS */;
/*!40101 SET COLLATION_CONNECTION=@OLD_COLLATION_CONNECTION */;
/*!40111 SET SQL_NOTES=@OLD_SQL_NOTES */;

-- Dump completed on 2023-12-11 10:07:32
